<?xml version = "1.0" encoding = "utf-8"?>
<!DOCTYPE hibernate-mapping PUBLIC
        "-//Hibernate/Hibernate Mapping DTD//EN"
        "http://www.hibernate.org/dtd/hibernate-mapping-3.0.dtd">

<hibernate-mapping>
    <class name = "app.product.Category" table="categories">
        <meta attribute = "class-description">
            This class contains the product detail.
        </meta>

        <id name = "id" type = "int" column = "CAutoID">
            <generator class="native"/>
        </id>

        <property name="name" column="CName" type="string"/>
        <property name="numberOfSoldProducts" column="CSoldProducts" type="int"/>
    </class>
</hibernate-mapping>