<?xml version = "1.0" encoding = "utf-8"?>
<!DOCTYPE hibernate-mapping PUBLIC
        "-//Hibernate/Hibernate Mapping DTD//EN"
        "http://www.hibernate.org/dtd/hibernate-mapping-3.0.dtd">

<hibernate-mapping>
    <class name = "app.user.User" table = "users">

        <meta attribute = "class-description">
            This class contains the user detail.
        </meta>

        <id name = "id" type = "int" column = "UAutoID">
            <generator class="native"/>
        </id>

        <property name = "firstName" column = "UFirstName" type = "string"/>
        <property name = "lastName" column = "ULastName" type = "string"/>
        <property name = "nickname" column = "UNickname" type = "string"/>
        <property name = "email" column = "UEmail" type = "string"/>
        <property name = "hashedPassword" column = "UPassword" type = "string"/>
        <property name = "phoneNumber" column = "UPhoneNumber" type = "string"/>
        <property name = "accessLevel" column = "UAccessLevel" type = "int"/>
        <property name = "salt" column = "USalt" type = "string"/>

    </class>
</hibernate-mapping>