<?xml version = "1.0" encoding = "utf-8"?>
<!DOCTYPE hibernate-configuration SYSTEM
        "http://www.hibernate.org/dtd/hibernate-configuration-3.0.dtd">
<hibernate-configuration>
    <session-factory>

        <property name = "hibernate.dialect">
            org.hibernate.dialect.MySQLDialect
        </property>

        <property name = "hibernate.connection.driver_class">
            com.mysql.jdbc.Driver
        </property>

        <!-- Assume test is the database name -->

        <property name = "hibernate.connection.url">
            jdbc:mysql://85.204.18.140/cleaningstore
        </property>

        <property name = "hibernate.connection.username">
            cleaningstoreusr
        </property>

        <property name = "hibernate.connection.password">
            asd123
        </property>

        <property name="connection.autocommit">true</property>
        <!--<property name="hibernate.flushMode">ALWAYS</property>-->

        <!-- List of XML mapping files -->
        <mapping resource = "User.hbm.xml"/>
        <mapping resource = "Service.hbm.xml"/>
        <mapping resource = "Receipt.hbm.xml"/>
        <mapping resource = "Item.hbm.xml"/>

    </session-factory>
</hibernate-configuration>