<?xml version="1.0" encoding="UTF-8"?>
<project-private xmlns="http://www.netbeans.org/ns/project-private/1">
    <editor-bookmarks xmlns="http://www.netbeans.org/ns/editor-bookmarks/2" lastBookmarkId="0"/>
    <open-files xmlns="http://www.netbeans.org/ns/projectui-open-files/2">
        <group>
            <file>file:/D:/Facultate/Anul%202/Semestrul%20II/Programare%20avansata%20pe%20obiecte/Proiect_RMI/src/proiect_rmi/IHello.java</file>
            <file>file:/D:/Facultate/Anul%202/Semestrul%20II/Programare%20avansata%20pe%20obiecte/Proiect_RMI/src/proiect_rmi/HelloClientComponent.java</file>
            <file>file:/D:/Facultate/Anul%202/Semestrul%20II/Programare%20avansata%20pe%20obiecte/Proiect_RMI/src/proiect_rmi/HelloImplementation.java</file>
            <file>file:/D:/Facultate/Anul%202/Semestrul%20II/Programare%20avansata%20pe%20obiecte/Proiect_RMI/src/proiect_rmi/HelloServerComponent.java</file>
        </group>
    </open-files>
</project-private>
