--------------------------------------------------------
--  File created - Saturday-February-03-2018   
--------------------------------------------------------
--------------------------------------------------------
--  DDL for Type T_ADRESA
--------------------------------------------------------

  CREATE OR REPLACE TYPE "APBDOO"."T_ADRESA" AS OBJECT ( 
adresa_id NUMBER(38),
strada VARCHAR2(45),
numar VARCHAR2(5),
oras VARCHAR2(45)
);

/
--------------------------------------------------------
--  DDL for Type T_ANGAJAT
--------------------------------------------------------

  CREATE OR REPLACE TYPE "APBDOO"."T_ANGAJAT" AS OBJECT (
angajat_id NUMBER(38),
nume VARCHAR2(128),
adresa t_adresa
);

/
--------------------------------------------------------
--  DDL for Type T_JOC
--------------------------------------------------------

  CREATE OR REPLACE TYPE "APBDOO"."T_JOC" AS OBJECT (
joc_id NUMBER(38),
nume VARCHAR2(128),
descriere VARCHAR2(500),
categorie t_joc_categorie,
producator t_joc_producator
);

/
--------------------------------------------------------
--  DDL for Type T_JOC_CATEGORIE
--------------------------------------------------------

  CREATE OR REPLACE TYPE "APBDOO"."T_JOC_CATEGORIE" as OBJECT (
joc_categorie_id  NUMBER(38),
nume VARCHAR2(45),
descriere VARCHAR2(45)
);

/
--------------------------------------------------------
--  DDL for Type T_JOC_PRODUCATOR
--------------------------------------------------------

  CREATE OR REPLACE TYPE "APBDOO"."T_JOC_PRODUCATOR" as OBJECT (
joc_producator_id  NUMBER(38),
nume VARCHAR2(45),
tara VARCHAR2(45)
);

/
--------------------------------------------------------
--  DDL for Sequence S_ANGAJAT_ID
--------------------------------------------------------

   CREATE SEQUENCE  "APBDOO"."S_ANGAJAT_ID"  MINVALUE 1 MAXVALUE 9999999999999999999999999999 INCREMENT BY 1 START WITH 1031 CACHE 1000 NOORDER  NOCYCLE ;
--------------------------------------------------------
--  DDL for Sequence S_JOC_ID
--------------------------------------------------------

   CREATE SEQUENCE  "APBDOO"."S_JOC_ID"  MINVALUE 1 MAXVALUE 9999999999999999999999999999 INCREMENT BY 1 START WITH 1042 CACHE 1000 NOORDER  NOCYCLE ;
--------------------------------------------------------
--  DDL for Table ADRESA
--------------------------------------------------------

  CREATE TABLE "APBDOO"."ADRESA" 
   (	"ADRESA_ID" NUMBER(*,0), 
	"STRADA" VARCHAR2(45 BYTE), 
	"NUMAR" VARCHAR2(5 BYTE), 
	"ORAS" VARCHAR2(45 BYTE)
   ) SEGMENT CREATION IMMEDIATE 
  PCTFREE 10 PCTUSED 40 INITRANS 1 MAXTRANS 255 NOCOMPRESS LOGGING
  STORAGE(INITIAL 65536 NEXT 1048576 MINEXTENTS 1 MAXEXTENTS 2147483645
  PCTINCREASE 0 FREELISTS 1 FREELIST GROUPS 1 BUFFER_POOL DEFAULT FLASH_CACHE DEFAULT CELL_FLASH_CACHE DEFAULT)
  TABLESPACE "USERS" ;
--------------------------------------------------------
--  DDL for Table ANGAJAT
--------------------------------------------------------

  CREATE TABLE "APBDOO"."ANGAJAT" 
   (	"ANGAJAT_ID" NUMBER(*,0), 
	"NUME" VARCHAR2(128 BYTE), 
	"CNP" NUMBER(13,0), 
	"ADRESA" NUMBER(*,0), 
	"TELEFON" NUMBER(10,0), 
	"MAGAZIN_DEPARTAMENT_ID" NUMBER(*,0), 
	"ANGAJAT_CONTRACT_ID" NUMBER(*,0), 
	"ANGAJAT_POZITIE_ID" NUMBER(*,0)
   ) SEGMENT CREATION IMMEDIATE 
  PCTFREE 10 PCTUSED 40 INITRANS 1 MAXTRANS 255 NOCOMPRESS LOGGING
  STORAGE(INITIAL 65536 NEXT 1048576 MINEXTENTS 1 MAXEXTENTS 2147483645
  PCTINCREASE 0 FREELISTS 1 FREELIST GROUPS 1 BUFFER_POOL DEFAULT FLASH_CACHE DEFAULT CELL_FLASH_CACHE DEFAULT)
  TABLESPACE "USERS" ;
--------------------------------------------------------
--  DDL for Table ANGAJAT_CONTRACT
--------------------------------------------------------

  CREATE TABLE "APBDOO"."ANGAJAT_CONTRACT" 
   (	"ANGAJAT_CONTRACT_ID" NUMBER(*,0), 
	"DATA_INCEPUT" DATE, 
	"DATA_SFARSIT" DATE, 
	"ANGAJAT_NIVEL_SALARIAL_ID" NUMBER(*,0)
   ) SEGMENT CREATION IMMEDIATE 
  PCTFREE 10 PCTUSED 40 INITRANS 1 MAXTRANS 255 NOCOMPRESS LOGGING
  STORAGE(INITIAL 65536 NEXT 1048576 MINEXTENTS 1 MAXEXTENTS 2147483645
  PCTINCREASE 0 FREELISTS 1 FREELIST GROUPS 1 BUFFER_POOL DEFAULT FLASH_CACHE DEFAULT CELL_FLASH_CACHE DEFAULT)
  TABLESPACE "USERS" ;
--------------------------------------------------------
--  DDL for Table ANGAJAT_NIVEL_SALARIAL
--------------------------------------------------------

  CREATE TABLE "APBDOO"."ANGAJAT_NIVEL_SALARIAL" 
   (	"ANGAJAT_NIVEL_SALARIAL_ID" NUMBER(*,0), 
	"VALOARE" NUMBER(6,2)
   ) SEGMENT CREATION IMMEDIATE 
  PCTFREE 10 PCTUSED 40 INITRANS 1 MAXTRANS 255 NOCOMPRESS LOGGING
  STORAGE(INITIAL 65536 NEXT 1048576 MINEXTENTS 1 MAXEXTENTS 2147483645
  PCTINCREASE 0 FREELISTS 1 FREELIST GROUPS 1 BUFFER_POOL DEFAULT FLASH_CACHE DEFAULT CELL_FLASH_CACHE DEFAULT)
  TABLESPACE "USERS" ;
--------------------------------------------------------
--  DDL for Table ANGAJAT_POZITIE
--------------------------------------------------------

  CREATE TABLE "APBDOO"."ANGAJAT_POZITIE" 
   (	"ANGAJAT_POZITIE_ID" NUMBER(*,0), 
	"TITLU" VARCHAR2(30 BYTE), 
	"DESCRIERE" VARCHAR2(500 BYTE)
   ) SEGMENT CREATION IMMEDIATE 
  PCTFREE 10 PCTUSED 40 INITRANS 1 MAXTRANS 255 NOCOMPRESS LOGGING
  STORAGE(INITIAL 65536 NEXT 1048576 MINEXTENTS 1 MAXEXTENTS 2147483645
  PCTINCREASE 0 FREELISTS 1 FREELIST GROUPS 1 BUFFER_POOL DEFAULT FLASH_CACHE DEFAULT CELL_FLASH_CACHE DEFAULT)
  TABLESPACE "USERS" ;
--------------------------------------------------------
--  DDL for Table CLIENT
--------------------------------------------------------

  CREATE TABLE "APBDOO"."CLIENT" 
   (	"CLIENT_ID" NUMBER(*,0), 
	"NUME" VARCHAR2(45 BYTE), 
	"TELEFON" NUMBER(10,0), 
	"EMAIL" VARCHAR2(45 BYTE), 
	"ADRESA" NUMBER(*,0)
   ) SEGMENT CREATION IMMEDIATE 
  PCTFREE 10 PCTUSED 40 INITRANS 1 MAXTRANS 255 NOCOMPRESS LOGGING
  STORAGE(INITIAL 65536 NEXT 1048576 MINEXTENTS 1 MAXEXTENTS 2147483645
  PCTINCREASE 0 FREELISTS 1 FREELIST GROUPS 1 BUFFER_POOL DEFAULT FLASH_CACHE DEFAULT CELL_FLASH_CACHE DEFAULT)
  TABLESPACE "USERS" ;
--------------------------------------------------------
--  DDL for Table FACTURA_CLIENT
--------------------------------------------------------

  CREATE TABLE "APBDOO"."FACTURA_CLIENT" 
   (	"FACTURA_CLIENT_ID" NUMBER(*,0), 
	"DATA_INCEPUT" DATE, 
	"DATA_SFARSIT" DATE, 
	"DATA_RETURNARE" DATE, 
	"CLIENT_ID" NUMBER(*,0)
   ) SEGMENT CREATION IMMEDIATE 
  PCTFREE 10 PCTUSED 40 INITRANS 1 MAXTRANS 255 NOCOMPRESS LOGGING
  STORAGE(INITIAL 65536 NEXT 1048576 MINEXTENTS 1 MAXEXTENTS 2147483645
  PCTINCREASE 0 FREELISTS 1 FREELIST GROUPS 1 BUFFER_POOL DEFAULT FLASH_CACHE DEFAULT CELL_FLASH_CACHE DEFAULT)
  TABLESPACE "USERS" ;
--------------------------------------------------------
--  DDL for Table IMPRUMUT_JOC
--------------------------------------------------------

  CREATE TABLE "APBDOO"."IMPRUMUT_JOC" 
   (	"IMPRUMUT_JOC_ID" NUMBER(*,0), 
	"JOC_ID" NUMBER(*,0), 
	"MAGAZIN_ID" NUMBER(*,0), 
	"FACTURA_CLIENT_ID" NUMBER(*,0)
   ) SEGMENT CREATION IMMEDIATE 
  PCTFREE 10 PCTUSED 40 INITRANS 1 MAXTRANS 255 NOCOMPRESS LOGGING
  STORAGE(INITIAL 65536 NEXT 1048576 MINEXTENTS 1 MAXEXTENTS 2147483645
  PCTINCREASE 0 FREELISTS 1 FREELIST GROUPS 1 BUFFER_POOL DEFAULT FLASH_CACHE DEFAULT CELL_FLASH_CACHE DEFAULT)
  TABLESPACE "USERS" ;
--------------------------------------------------------
--  DDL for Table JOC
--------------------------------------------------------

  CREATE TABLE "APBDOO"."JOC" 
   (	"JOC_ID" NUMBER(*,0), 
	"NUME" VARCHAR2(128 BYTE), 
	"IMAGINE" VARCHAR2(256 BYTE), 
	"DESCRIERE" VARCHAR2(500 BYTE), 
	"AN_PUBLICARE" NUMBER(*,0), 
	"JOC_CATEGORIE_ID" NUMBER(*,0), 
	"JOC_PRODUCATOR_ID" NUMBER(*,0), 
	"JOC_TIP_ID" NUMBER(*,0), 
	"JOC_NUMAR_JUCATORI_ID" NUMBER(*,0)
   ) SEGMENT CREATION IMMEDIATE 
  PCTFREE 10 PCTUSED 40 INITRANS 1 MAXTRANS 255 NOCOMPRESS LOGGING
  STORAGE(INITIAL 65536 NEXT 1048576 MINEXTENTS 1 MAXEXTENTS 2147483645
  PCTINCREASE 0 FREELISTS 1 FREELIST GROUPS 1 BUFFER_POOL DEFAULT FLASH_CACHE DEFAULT CELL_FLASH_CACHE DEFAULT)
  TABLESPACE "USERS" ;
--------------------------------------------------------
--  DDL for Table JOC_CATEGORIE
--------------------------------------------------------

  CREATE TABLE "APBDOO"."JOC_CATEGORIE" 
   (	"JOC_CATEGORIE_ID" NUMBER(*,0), 
	"NUME" VARCHAR2(45 BYTE), 
	"DESCRIERE" VARCHAR2(45 BYTE)
   ) SEGMENT CREATION IMMEDIATE 
  PCTFREE 10 PCTUSED 40 INITRANS 1 MAXTRANS 255 NOCOMPRESS LOGGING
  STORAGE(INITIAL 65536 NEXT 1048576 MINEXTENTS 1 MAXEXTENTS 2147483645
  PCTINCREASE 0 FREELISTS 1 FREELIST GROUPS 1 BUFFER_POOL DEFAULT FLASH_CACHE DEFAULT CELL_FLASH_CACHE DEFAULT)
  TABLESPACE "USERS" ;
--------------------------------------------------------
--  DDL for Table JOC_EVALUARE
--------------------------------------------------------

  CREATE TABLE "APBDOO"."JOC_EVALUARE" 
   (	"JOC_EVALUARE_ID" NUMBER(*,0), 
	"NOTA" NUMBER(1,0), 
	"CLIENT_ID" NUMBER(*,0), 
	"JOC_ID" NUMBER(*,0)
   ) SEGMENT CREATION IMMEDIATE 
  PCTFREE 10 PCTUSED 40 INITRANS 1 MAXTRANS 255 NOCOMPRESS LOGGING
  STORAGE(INITIAL 65536 NEXT 1048576 MINEXTENTS 1 MAXEXTENTS 2147483645
  PCTINCREASE 0 FREELISTS 1 FREELIST GROUPS 1 BUFFER_POOL DEFAULT FLASH_CACHE DEFAULT CELL_FLASH_CACHE DEFAULT)
  TABLESPACE "USERS" ;
--------------------------------------------------------
--  DDL for Table JOC_MAGAZIN
--------------------------------------------------------

  CREATE TABLE "APBDOO"."JOC_MAGAZIN" 
   (	"JOC_ID" NUMBER(*,0), 
	"MAGAZIN_ID" NUMBER(*,0), 
	"CANTITATE" NUMBER(*,0), 
	"DISPONIBIL" NUMBER(*,0)
   ) SEGMENT CREATION IMMEDIATE 
  PCTFREE 10 PCTUSED 40 INITRANS 1 MAXTRANS 255 NOCOMPRESS LOGGING
  STORAGE(INITIAL 65536 NEXT 1048576 MINEXTENTS 1 MAXEXTENTS 2147483645
  PCTINCREASE 0 FREELISTS 1 FREELIST GROUPS 1 BUFFER_POOL DEFAULT FLASH_CACHE DEFAULT CELL_FLASH_CACHE DEFAULT)
  TABLESPACE "USERS" ;
--------------------------------------------------------
--  DDL for Table JOC_NUMAR_JUCATORI
--------------------------------------------------------

  CREATE TABLE "APBDOO"."JOC_NUMAR_JUCATORI" 
   (	"JOC_NUMAR_JUCATORI_ID" NUMBER(*,0), 
	"VALOARE" VARCHAR2(2 BYTE), 
	"DESCRIERE" VARCHAR2(45 BYTE)
   ) SEGMENT CREATION IMMEDIATE 
  PCTFREE 10 PCTUSED 40 INITRANS 1 MAXTRANS 255 NOCOMPRESS LOGGING
  STORAGE(INITIAL 65536 NEXT 1048576 MINEXTENTS 1 MAXEXTENTS 2147483645
  PCTINCREASE 0 FREELISTS 1 FREELIST GROUPS 1 BUFFER_POOL DEFAULT FLASH_CACHE DEFAULT CELL_FLASH_CACHE DEFAULT)
  TABLESPACE "USERS" ;
--------------------------------------------------------
--  DDL for Table JOC_PRODUCATOR
--------------------------------------------------------

  CREATE TABLE "APBDOO"."JOC_PRODUCATOR" 
   (	"JOC_PRODUCATOR_ID" NUMBER(*,0), 
	"NUME" VARCHAR2(45 BYTE), 
	"TARA" VARCHAR2(45 BYTE)
   ) SEGMENT CREATION IMMEDIATE 
  PCTFREE 10 PCTUSED 40 INITRANS 1 MAXTRANS 255 NOCOMPRESS LOGGING
  STORAGE(INITIAL 65536 NEXT 1048576 MINEXTENTS 1 MAXEXTENTS 2147483645
  PCTINCREASE 0 FREELISTS 1 FREELIST GROUPS 1 BUFFER_POOL DEFAULT FLASH_CACHE DEFAULT CELL_FLASH_CACHE DEFAULT)
  TABLESPACE "USERS" ;
--------------------------------------------------------
--  DDL for Table JOC_TIP
--------------------------------------------------------

  CREATE TABLE "APBDOO"."JOC_TIP" 
   (	"JOC_TIP_ID" NUMBER(*,0), 
	"NUME" VARCHAR2(45 BYTE), 
	"DESCRIERE" VARCHAR2(45 BYTE)
   ) SEGMENT CREATION IMMEDIATE 
  PCTFREE 10 PCTUSED 40 INITRANS 1 MAXTRANS 255 NOCOMPRESS LOGGING
  STORAGE(INITIAL 65536 NEXT 1048576 MINEXTENTS 1 MAXEXTENTS 2147483645
  PCTINCREASE 0 FREELISTS 1 FREELIST GROUPS 1 BUFFER_POOL DEFAULT FLASH_CACHE DEFAULT CELL_FLASH_CACHE DEFAULT)
  TABLESPACE "USERS" ;
--------------------------------------------------------
--  DDL for Table MAGAZIN
--------------------------------------------------------

  CREATE TABLE "APBDOO"."MAGAZIN" 
   (	"MAGAZIN_ID" NUMBER(*,0), 
	"NUME" VARCHAR2(64 BYTE), 
	"ADRESA_ID" NUMBER(*,0)
   ) SEGMENT CREATION IMMEDIATE 
  PCTFREE 10 PCTUSED 40 INITRANS 1 MAXTRANS 255 NOCOMPRESS LOGGING
  STORAGE(INITIAL 65536 NEXT 1048576 MINEXTENTS 1 MAXEXTENTS 2147483645
  PCTINCREASE 0 FREELISTS 1 FREELIST GROUPS 1 BUFFER_POOL DEFAULT FLASH_CACHE DEFAULT CELL_FLASH_CACHE DEFAULT)
  TABLESPACE "USERS" ;
--------------------------------------------------------
--  DDL for Table MAGAZIN_DEPARTAMENT
--------------------------------------------------------

  CREATE TABLE "APBDOO"."MAGAZIN_DEPARTAMENT" 
   (	"MAGAZIN_DEPARTAMENT_ID" NUMBER(*,0), 
	"NUME" VARCHAR2(128 BYTE), 
	"MAGAZIN_ID" NUMBER(*,0)
   ) SEGMENT CREATION IMMEDIATE 
  PCTFREE 10 PCTUSED 40 INITRANS 1 MAXTRANS 255 NOCOMPRESS LOGGING
  STORAGE(INITIAL 65536 NEXT 1048576 MINEXTENTS 1 MAXEXTENTS 2147483645
  PCTINCREASE 0 FREELISTS 1 FREELIST GROUPS 1 BUFFER_POOL DEFAULT FLASH_CACHE DEFAULT CELL_FLASH_CACHE DEFAULT)
  TABLESPACE "USERS" ;
--------------------------------------------------------
--  DDL for Table MAGAZIN_EVENIMENT
--------------------------------------------------------

  CREATE TABLE "APBDOO"."MAGAZIN_EVENIMENT" 
   (	"MAGAZIN_EVENIMENT_ID" NUMBER(*,0), 
	"NUME" VARCHAR2(128 BYTE), 
	"DESCRIERE" VARCHAR2(500 BYTE), 
	"DATA_EVENIMENT" DATE, 
	"MAGAZIN_ID" NUMBER(*,0), 
	"JOC_ID" NUMBER(*,0)
   ) SEGMENT CREATION IMMEDIATE 
  PCTFREE 10 PCTUSED 40 INITRANS 1 MAXTRANS 255 NOCOMPRESS LOGGING
  STORAGE(INITIAL 65536 NEXT 1048576 MINEXTENTS 1 MAXEXTENTS 2147483645
  PCTINCREASE 0 FREELISTS 1 FREELIST GROUPS 1 BUFFER_POOL DEFAULT FLASH_CACHE DEFAULT CELL_FLASH_CACHE DEFAULT)
  TABLESPACE "USERS" ;
--------------------------------------------------------
--  DDL for Table UTILIZATOR
--------------------------------------------------------

  CREATE TABLE "APBDOO"."UTILIZATOR" 
   (	"UTILIZATOR_ID" NUMBER(*,0), 
	"NUME" VARCHAR2(50 BYTE), 
	"USERNAME" VARCHAR2(50 BYTE), 
	"PAROLA" VARCHAR2(50 BYTE)
   ) SEGMENT CREATION IMMEDIATE 
  PCTFREE 10 PCTUSED 40 INITRANS 1 MAXTRANS 255 NOCOMPRESS LOGGING
  STORAGE(INITIAL 65536 NEXT 1048576 MINEXTENTS 1 MAXEXTENTS 2147483645
  PCTINCREASE 0 FREELISTS 1 FREELIST GROUPS 1 BUFFER_POOL DEFAULT FLASH_CACHE DEFAULT CELL_FLASH_CACHE DEFAULT)
  TABLESPACE "USERS" ;
--------------------------------------------------------
--  DDL for View ADRESA_VIEW
--------------------------------------------------------

  CREATE OR REPLACE FORCE VIEW "APBDOO"."ADRESA_VIEW" OF "APBDOO"."T_ADRESA"
  WITH OBJECT IDENTIFIER (adresa_id) AS 
  SELECT adresa_id, strada, numar, oras
FROM adresa;
--------------------------------------------------------
--  DDL for View ANGAJAT_VIEW
--------------------------------------------------------

  CREATE OR REPLACE FORCE VIEW "APBDOO"."ANGAJAT_VIEW" OF "APBDOO"."T_ANGAJAT"
  WITH OBJECT IDENTIFIER (angajat_id) AS 
  SELECT an.angajat_id, an.nume, t_adresa(ad.adresa_id, ad.strada, ad.numar, ad.oras)
FROM angajat an LEFT JOIN adresa ad on an.adresa = ad.adresa_id;
--------------------------------------------------------
--  DDL for View JOC_VIEW
--------------------------------------------------------

  CREATE OR REPLACE FORCE VIEW "APBDOO"."JOC_VIEW" OF "APBDOO"."T_JOC"
  WITH OBJECT IDENTIFIER (joc_id) AS 
  SELECT j.joc_id, j.nume, j.descriere, t_joc_categorie(jc.joc_categorie_id, jc.nume, jc.descriere), 
t_joc_producator(jp.joc_producator_id, jp.nume, jp.tara)
FROM joc j, joc_categorie jc, joc_producator jp
WHERE j.joc_categorie_id=jc.joc_categorie_id and j.joc_producator_id=jp.joc_producator_id;
REM INSERTING into APBDOO.ADRESA
SET DEFINE OFF;
Insert into APBDOO.ADRESA (ADRESA_ID,STRADA,NUMAR,ORAS) values (1,'Strada Coltei','45','Bucuresti');
Insert into APBDOO.ADRESA (ADRESA_ID,STRADA,NUMAR,ORAS) values (2,'Strada Unirii','12','Bucuresti');
Insert into APBDOO.ADRESA (ADRESA_ID,STRADA,NUMAR,ORAS) values (3,'Strada Florii','115','Brasov');
Insert into APBDOO.ADRESA (ADRESA_ID,STRADA,NUMAR,ORAS) values (4,'Bulvardul Maria IV','20','Timisoara');
Insert into APBDOO.ADRESA (ADRESA_ID,STRADA,NUMAR,ORAS) values (5,'Aleea Iasiului','123','Sibiu');
Insert into APBDOO.ADRESA (ADRESA_ID,STRADA,NUMAR,ORAS) values (6,'Strada Lunga','90','Brasov');
Insert into APBDOO.ADRESA (ADRESA_ID,STRADA,NUMAR,ORAS) values (7,'Prelungirea Mare','113','Bucuresti');
Insert into APBDOO.ADRESA (ADRESA_ID,STRADA,NUMAR,ORAS) values (8,'Strada Popesti','11','Arad');
Insert into APBDOO.ADRESA (ADRESA_ID,STRADA,NUMAR,ORAS) values (9,'Bulvardul Maniu','25','Cluj');
Insert into APBDOO.ADRESA (ADRESA_ID,STRADA,NUMAR,ORAS) values (10,'Strada Ion Manu','11','Sibiu');
Insert into APBDOO.ADRESA (ADRESA_ID,STRADA,NUMAR,ORAS) values (11,'Strada Fagure','43','Bucuresti');
Insert into APBDOO.ADRESA (ADRESA_ID,STRADA,NUMAR,ORAS) values (12,'Strada Unirea','12','Bucuresti');
Insert into APBDOO.ADRESA (ADRESA_ID,STRADA,NUMAR,ORAS) values (13,'Strada Ion Mihai','11','Brasov');
Insert into APBDOO.ADRESA (ADRESA_ID,STRADA,NUMAR,ORAS) values (14,'Bulvardul Ferdinand','1','Timisoara');
Insert into APBDOO.ADRESA (ADRESA_ID,STRADA,NUMAR,ORAS) values (15,'Aleea Brasov','123','Sibiu');
Insert into APBDOO.ADRESA (ADRESA_ID,STRADA,NUMAR,ORAS) values (16,'Strada Fagaras','90','Brasov');
Insert into APBDOO.ADRESA (ADRESA_ID,STRADA,NUMAR,ORAS) values (17,'Prelungirea Mica','113','Bucuresti');
Insert into APBDOO.ADRESA (ADRESA_ID,STRADA,NUMAR,ORAS) values (18,'Strada Piru','11','Arad');
Insert into APBDOO.ADRESA (ADRESA_ID,STRADA,NUMAR,ORAS) values (19,'Bulvardul Lung','25','Cluj');
Insert into APBDOO.ADRESA (ADRESA_ID,STRADA,NUMAR,ORAS) values (20,'Strada I.L.Caragiale','11','Sibiu');
Insert into APBDOO.ADRESA (ADRESA_ID,STRADA,NUMAR,ORAS) values (21,'Strada Colt de Rai','45','Bucuresti');
Insert into APBDOO.ADRESA (ADRESA_ID,STRADA,NUMAR,ORAS) values (22,'Strada Mica','12','Bucuresti');
Insert into APBDOO.ADRESA (ADRESA_ID,STRADA,NUMAR,ORAS) values (23,'Strada Anei','115','Brasov');
Insert into APBDOO.ADRESA (ADRESA_ID,STRADA,NUMAR,ORAS) values (24,'Bulvardul Ionel Mihai','20','Timisoara');
Insert into APBDOO.ADRESA (ADRESA_ID,STRADA,NUMAR,ORAS) values (25,'Aleea Marinei','123','Sibiu');
Insert into APBDOO.ADRESA (ADRESA_ID,STRADA,NUMAR,ORAS) values (26,'Strada Sibiu','90','Brasov');
Insert into APBDOO.ADRESA (ADRESA_ID,STRADA,NUMAR,ORAS) values (27,'Prelungirea Mica','113','Bucuresti');
Insert into APBDOO.ADRESA (ADRESA_ID,STRADA,NUMAR,ORAS) values (28,'Strada Traian','11','Arad');
Insert into APBDOO.ADRESA (ADRESA_ID,STRADA,NUMAR,ORAS) values (29,'Bulvardul Decebal','25','Cluj');
Insert into APBDOO.ADRESA (ADRESA_ID,STRADA,NUMAR,ORAS) values (30,'Strada Dacia','11','Sibiu');
Insert into APBDOO.ADRESA (ADRESA_ID,STRADA,NUMAR,ORAS) values (31,'Strada Romei','45','Bucuresti');
Insert into APBDOO.ADRESA (ADRESA_ID,STRADA,NUMAR,ORAS) values (32,'Strada Vienei','12','Bucuresti');
Insert into APBDOO.ADRESA (ADRESA_ID,STRADA,NUMAR,ORAS) values (33,'Strada Bucur','115','Brasov');
Insert into APBDOO.ADRESA (ADRESA_ID,STRADA,NUMAR,ORAS) values (34,'Bulvardul Mihai I','20','Timisoara');
Insert into APBDOO.ADRESA (ADRESA_ID,STRADA,NUMAR,ORAS) values (35,'Aleea Iasi','123','Sibiu');
Insert into APBDOO.ADRESA (ADRESA_ID,STRADA,NUMAR,ORAS) values (36,'Strada Lata','90','Brasov');
Insert into APBDOO.ADRESA (ADRESA_ID,STRADA,NUMAR,ORAS) values (37,'Prelungirea Ghencea','113','Bucuresti');
Insert into APBDOO.ADRESA (ADRESA_ID,STRADA,NUMAR,ORAS) values (38,'Strada Pop','11','Arad');
Insert into APBDOO.ADRESA (ADRESA_ID,STRADA,NUMAR,ORAS) values (39,'Bulvardul Maniul Mare','25','Cluj');
Insert into APBDOO.ADRESA (ADRESA_ID,STRADA,NUMAR,ORAS) values (40,'Strada Ion Manuel','11','Sibiu');
Insert into APBDOO.ADRESA (ADRESA_ID,STRADA,NUMAR,ORAS) values (41,'Strada Ion Manu','67','Sibiu');
Insert into APBDOO.ADRESA (ADRESA_ID,STRADA,NUMAR,ORAS) values (42,'Strada Fagure','44','Bucuresti');
Insert into APBDOO.ADRESA (ADRESA_ID,STRADA,NUMAR,ORAS) values (43,'Strada Unirea','34','Bucuresti');
Insert into APBDOO.ADRESA (ADRESA_ID,STRADA,NUMAR,ORAS) values (44,'Strada Ion Popescu','15','Brasov');
Insert into APBDOO.ADRESA (ADRESA_ID,STRADA,NUMAR,ORAS) values (45,'Bulvardul Carol','12','Timisoara');
Insert into APBDOO.ADRESA (ADRESA_ID,STRADA,NUMAR,ORAS) values (46,'Aleea Bran','1','Sibiu');
Insert into APBDOO.ADRESA (ADRESA_ID,STRADA,NUMAR,ORAS) values (47,'Strada Fagului','12','Brasov');
Insert into APBDOO.ADRESA (ADRESA_ID,STRADA,NUMAR,ORAS) values (48,'Prelungirea Gheorghe','13','Bucuresti');
Insert into APBDOO.ADRESA (ADRESA_ID,STRADA,NUMAR,ORAS) values (49,'Strada Pipera','154','Arad');
Insert into APBDOO.ADRESA (ADRESA_ID,STRADA,NUMAR,ORAS) values (50,'Bulvardul Lunca','22','Cluj');
Insert into APBDOO.ADRESA (ADRESA_ID,STRADA,NUMAR,ORAS) values (51,'Strada I.L.Popescu','21','Sibiu');
Insert into APBDOO.ADRESA (ADRESA_ID,STRADA,NUMAR,ORAS) values (52,'Strada Muntelui','23','Bucuresti');
Insert into APBDOO.ADRESA (ADRESA_ID,STRADA,NUMAR,ORAS) values (53,'Strada Bihor','11','Bucuresti');
Insert into APBDOO.ADRESA (ADRESA_ID,STRADA,NUMAR,ORAS) values (54,'Strada Aninei','15','Brasov');
Insert into APBDOO.ADRESA (ADRESA_ID,STRADA,NUMAR,ORAS) values (55,'Bulvardul Daniel I','23','Timisoara');
Insert into APBDOO.ADRESA (ADRESA_ID,STRADA,NUMAR,ORAS) values (56,'Aleea Marinel','13','Sibiu');
Insert into APBDOO.ADRESA (ADRESA_ID,STRADA,NUMAR,ORAS) values (57,'Strada Sichitiu','12','Brasov');
Insert into APBDOO.ADRESA (ADRESA_ID,STRADA,NUMAR,ORAS) values (58,'Prelungirea Bucuresti','2','Bucuresti');
Insert into APBDOO.ADRESA (ADRESA_ID,STRADA,NUMAR,ORAS) values (59,'Strada Traian','111','Arad');
Insert into APBDOO.ADRESA (ADRESA_ID,STRADA,NUMAR,ORAS) values (60,'Bulvardul Decebal','125','Cluj');
Insert into APBDOO.ADRESA (ADRESA_ID,STRADA,NUMAR,ORAS) values (61,'Strada Sarmil','121','Sibiu');
Insert into APBDOO.ADRESA (ADRESA_ID,STRADA,NUMAR,ORAS) values (62,'Strada Ababei','5','Bucuresti');
Insert into APBDOO.ADRESA (ADRESA_ID,STRADA,NUMAR,ORAS) values (63,'Strada Amariei','112','Bucuresti');
Insert into APBDOO.ADRESA (ADRESA_ID,STRADA,NUMAR,ORAS) values (64,'Strada Bucuriei','5','Brasov');
Insert into APBDOO.ADRESA (ADRESA_ID,STRADA,NUMAR,ORAS) values (65,'Bulvardul Tineretului','21','Timisoara');
Insert into APBDOO.ADRESA (ADRESA_ID,STRADA,NUMAR,ORAS) values (66,'Aleea Iasi','13','Sibiu');
Insert into APBDOO.ADRESA (ADRESA_ID,STRADA,NUMAR,ORAS) values (67,'Strada Latos','10','Brasov');
Insert into APBDOO.ADRESA (ADRESA_ID,STRADA,NUMAR,ORAS) values (68,'Prelungirea Rapid','50','Bucuresti');
Insert into APBDOO.ADRESA (ADRESA_ID,STRADA,NUMAR,ORAS) values (69,'Strada Popescu','112','Arad');
Insert into APBDOO.ADRESA (ADRESA_ID,STRADA,NUMAR,ORAS) values (70,'Bulvardul Maniul','125','Cluj');
REM INSERTING into APBDOO.ANGAJAT
SET DEFINE OFF;
Insert into APBDOO.ANGAJAT (ANGAJAT_ID,NUME,CNP,ADRESA,TELEFON,MAGAZIN_DEPARTAMENT_ID,ANGAJAT_CONTRACT_ID,ANGAJAT_POZITIE_ID) values (36,'Test',1,2,3,4,5,6);
Insert into APBDOO.ANGAJAT (ANGAJAT_ID,NUME,CNP,ADRESA,TELEFON,MAGAZIN_DEPARTAMENT_ID,ANGAJAT_CONTRACT_ID,ANGAJAT_POZITIE_ID) values (1,'Amanda Alexander',8922520639,11,6674401112,4,1,3);
Insert into APBDOO.ANGAJAT (ANGAJAT_ID,NUME,CNP,ADRESA,TELEFON,MAGAZIN_DEPARTAMENT_ID,ANGAJAT_CONTRACT_ID,ANGAJAT_POZITIE_ID) values (2,'Michelle Moreno',4763486605,12,6348292711,3,2,7);
Insert into APBDOO.ANGAJAT (ANGAJAT_ID,NUME,CNP,ADRESA,TELEFON,MAGAZIN_DEPARTAMENT_ID,ANGAJAT_CONTRACT_ID,ANGAJAT_POZITIE_ID) values (3,'Ann Wood',4205844183,13,8918618904,3,3,4);
Insert into APBDOO.ANGAJAT (ANGAJAT_ID,NUME,CNP,ADRESA,TELEFON,MAGAZIN_DEPARTAMENT_ID,ANGAJAT_CONTRACT_ID,ANGAJAT_POZITIE_ID) values (4,'Carlos Graham',4455571007,14,7746335429,4,4,1);
Insert into APBDOO.ANGAJAT (ANGAJAT_ID,NUME,CNP,ADRESA,TELEFON,MAGAZIN_DEPARTAMENT_ID,ANGAJAT_CONTRACT_ID,ANGAJAT_POZITIE_ID) values (5,'Kathryn Lawrence',5825148449,15,3942714331,1,5,3);
Insert into APBDOO.ANGAJAT (ANGAJAT_ID,NUME,CNP,ADRESA,TELEFON,MAGAZIN_DEPARTAMENT_ID,ANGAJAT_CONTRACT_ID,ANGAJAT_POZITIE_ID) values (6,'Tammy Montgomery',3670157296,16,4717364733,1,6,7);
Insert into APBDOO.ANGAJAT (ANGAJAT_ID,NUME,CNP,ADRESA,TELEFON,MAGAZIN_DEPARTAMENT_ID,ANGAJAT_CONTRACT_ID,ANGAJAT_POZITIE_ID) values (7,'Rose Franklin',1794610425,17,1460417305,5,7,3);
Insert into APBDOO.ANGAJAT (ANGAJAT_ID,NUME,CNP,ADRESA,TELEFON,MAGAZIN_DEPARTAMENT_ID,ANGAJAT_CONTRACT_ID,ANGAJAT_POZITIE_ID) values (8,'Cynthia Woods',8434343014,18,1318174112,2,8,7);
Insert into APBDOO.ANGAJAT (ANGAJAT_ID,NUME,CNP,ADRESA,TELEFON,MAGAZIN_DEPARTAMENT_ID,ANGAJAT_CONTRACT_ID,ANGAJAT_POZITIE_ID) values (9,'Norma Henry',6864200412,19,5402540922,5,9,2);
Insert into APBDOO.ANGAJAT (ANGAJAT_ID,NUME,CNP,ADRESA,TELEFON,MAGAZIN_DEPARTAMENT_ID,ANGAJAT_CONTRACT_ID,ANGAJAT_POZITIE_ID) values (10,'Paula Burns',5633909681,20,8209501847,3,10,7);
Insert into APBDOO.ANGAJAT (ANGAJAT_ID,NUME,CNP,ADRESA,TELEFON,MAGAZIN_DEPARTAMENT_ID,ANGAJAT_CONTRACT_ID,ANGAJAT_POZITIE_ID) values (11,'Mildred Parker',7763011044,21,8290160785,1,11,2);
Insert into APBDOO.ANGAJAT (ANGAJAT_ID,NUME,CNP,ADRESA,TELEFON,MAGAZIN_DEPARTAMENT_ID,ANGAJAT_CONTRACT_ID,ANGAJAT_POZITIE_ID) values (12,'Martha Jacobs',1267970928,22,6024537059,1,12,3);
Insert into APBDOO.ANGAJAT (ANGAJAT_ID,NUME,CNP,ADRESA,TELEFON,MAGAZIN_DEPARTAMENT_ID,ANGAJAT_CONTRACT_ID,ANGAJAT_POZITIE_ID) values (13,'Billy Stevens',6422552953,23,8500833686,4,13,1);
Insert into APBDOO.ANGAJAT (ANGAJAT_ID,NUME,CNP,ADRESA,TELEFON,MAGAZIN_DEPARTAMENT_ID,ANGAJAT_CONTRACT_ID,ANGAJAT_POZITIE_ID) values (14,'Dennis Harris',5238737456,24,3918800012,3,14,4);
Insert into APBDOO.ANGAJAT (ANGAJAT_ID,NUME,CNP,ADRESA,TELEFON,MAGAZIN_DEPARTAMENT_ID,ANGAJAT_CONTRACT_ID,ANGAJAT_POZITIE_ID) values (15,'Dennis Wallace',2681814481,25,7125194846,5,15,6);
Insert into APBDOO.ANGAJAT (ANGAJAT_ID,NUME,CNP,ADRESA,TELEFON,MAGAZIN_DEPARTAMENT_ID,ANGAJAT_CONTRACT_ID,ANGAJAT_POZITIE_ID) values (16,'Marie Scott',3507914837,26,9417330774,3,16,5);
Insert into APBDOO.ANGAJAT (ANGAJAT_ID,NUME,CNP,ADRESA,TELEFON,MAGAZIN_DEPARTAMENT_ID,ANGAJAT_CONTRACT_ID,ANGAJAT_POZITIE_ID) values (17,'Larry Roberts',7994757399,27,4479345635,3,17,1);
Insert into APBDOO.ANGAJAT (ANGAJAT_ID,NUME,CNP,ADRESA,TELEFON,MAGAZIN_DEPARTAMENT_ID,ANGAJAT_CONTRACT_ID,ANGAJAT_POZITIE_ID) values (18,'Michelle Russell',8841797282,28,8906809228,2,18,2);
Insert into APBDOO.ANGAJAT (ANGAJAT_ID,NUME,CNP,ADRESA,TELEFON,MAGAZIN_DEPARTAMENT_ID,ANGAJAT_CONTRACT_ID,ANGAJAT_POZITIE_ID) values (19,'Eric Lawrence',6284726006,29,3838171727,5,19,1);
Insert into APBDOO.ANGAJAT (ANGAJAT_ID,NUME,CNP,ADRESA,TELEFON,MAGAZIN_DEPARTAMENT_ID,ANGAJAT_CONTRACT_ID,ANGAJAT_POZITIE_ID) values (20,'Jessica Rice',2809321341,30,6569684362,2,20,7);
Insert into APBDOO.ANGAJAT (ANGAJAT_ID,NUME,CNP,ADRESA,TELEFON,MAGAZIN_DEPARTAMENT_ID,ANGAJAT_CONTRACT_ID,ANGAJAT_POZITIE_ID) values (21,'Jason Banks',6767833932,31,3566541454,1,21,1);
Insert into APBDOO.ANGAJAT (ANGAJAT_ID,NUME,CNP,ADRESA,TELEFON,MAGAZIN_DEPARTAMENT_ID,ANGAJAT_CONTRACT_ID,ANGAJAT_POZITIE_ID) values (22,'Samuel Gray',6035923568,32,5629973839,1,22,1);
Insert into APBDOO.ANGAJAT (ANGAJAT_ID,NUME,CNP,ADRESA,TELEFON,MAGAZIN_DEPARTAMENT_ID,ANGAJAT_CONTRACT_ID,ANGAJAT_POZITIE_ID) values (23,'Nicole Washington',9850693513,33,1017439113,4,23,7);
Insert into APBDOO.ANGAJAT (ANGAJAT_ID,NUME,CNP,ADRESA,TELEFON,MAGAZIN_DEPARTAMENT_ID,ANGAJAT_CONTRACT_ID,ANGAJAT_POZITIE_ID) values (24,'Christine Butler',7264979036,34,4999930803,5,24,1);
Insert into APBDOO.ANGAJAT (ANGAJAT_ID,NUME,CNP,ADRESA,TELEFON,MAGAZIN_DEPARTAMENT_ID,ANGAJAT_CONTRACT_ID,ANGAJAT_POZITIE_ID) values (25,'Teresa Armstrong',1529391553,35,3043733923,4,25,4);
Insert into APBDOO.ANGAJAT (ANGAJAT_ID,NUME,CNP,ADRESA,TELEFON,MAGAZIN_DEPARTAMENT_ID,ANGAJAT_CONTRACT_ID,ANGAJAT_POZITIE_ID) values (26,'Phyllis Holmes',8729539420,36,6200714419,4,26,1);
Insert into APBDOO.ANGAJAT (ANGAJAT_ID,NUME,CNP,ADRESA,TELEFON,MAGAZIN_DEPARTAMENT_ID,ANGAJAT_CONTRACT_ID,ANGAJAT_POZITIE_ID) values (27,'Shirley Coleman',1577758778,37,3448009867,1,27,6);
Insert into APBDOO.ANGAJAT (ANGAJAT_ID,NUME,CNP,ADRESA,TELEFON,MAGAZIN_DEPARTAMENT_ID,ANGAJAT_CONTRACT_ID,ANGAJAT_POZITIE_ID) values (28,'Gerald Henderson',3287208545,38,1970899263,1,28,6);
Insert into APBDOO.ANGAJAT (ANGAJAT_ID,NUME,CNP,ADRESA,TELEFON,MAGAZIN_DEPARTAMENT_ID,ANGAJAT_CONTRACT_ID,ANGAJAT_POZITIE_ID) values (29,'Kathy Hill',8216044839,39,3930506465,5,29,2);
Insert into APBDOO.ANGAJAT (ANGAJAT_ID,NUME,CNP,ADRESA,TELEFON,MAGAZIN_DEPARTAMENT_ID,ANGAJAT_CONTRACT_ID,ANGAJAT_POZITIE_ID) values (30,'Mary Meyer',7832249305,40,4418235736,1,30,4);
REM INSERTING into APBDOO.ANGAJAT_CONTRACT
SET DEFINE OFF;
Insert into APBDOO.ANGAJAT_CONTRACT (ANGAJAT_CONTRACT_ID,DATA_INCEPUT,DATA_SFARSIT,ANGAJAT_NIVEL_SALARIAL_ID) values (1,to_date('30-OCT-12','DD-MON-RR'),to_date('22-OCT-15','DD-MON-RR'),2);
Insert into APBDOO.ANGAJAT_CONTRACT (ANGAJAT_CONTRACT_ID,DATA_INCEPUT,DATA_SFARSIT,ANGAJAT_NIVEL_SALARIAL_ID) values (2,to_date('30-AUG-10','DD-MON-RR'),to_date('26-FEB-14','DD-MON-RR'),3);
Insert into APBDOO.ANGAJAT_CONTRACT (ANGAJAT_CONTRACT_ID,DATA_INCEPUT,DATA_SFARSIT,ANGAJAT_NIVEL_SALARIAL_ID) values (3,to_date('21-SEP-11','DD-MON-RR'),to_date('06-JUL-15','DD-MON-RR'),4);
Insert into APBDOO.ANGAJAT_CONTRACT (ANGAJAT_CONTRACT_ID,DATA_INCEPUT,DATA_SFARSIT,ANGAJAT_NIVEL_SALARIAL_ID) values (4,to_date('13-MAR-10','DD-MON-RR'),to_date('21-OCT-15','DD-MON-RR'),5);
Insert into APBDOO.ANGAJAT_CONTRACT (ANGAJAT_CONTRACT_ID,DATA_INCEPUT,DATA_SFARSIT,ANGAJAT_NIVEL_SALARIAL_ID) values (5,to_date('09-NOV-12','DD-MON-RR'),to_date('06-JUL-16','DD-MON-RR'),1);
Insert into APBDOO.ANGAJAT_CONTRACT (ANGAJAT_CONTRACT_ID,DATA_INCEPUT,DATA_SFARSIT,ANGAJAT_NIVEL_SALARIAL_ID) values (6,to_date('19-JAN-12','DD-MON-RR'),to_date('15-FEB-14','DD-MON-RR'),10);
Insert into APBDOO.ANGAJAT_CONTRACT (ANGAJAT_CONTRACT_ID,DATA_INCEPUT,DATA_SFARSIT,ANGAJAT_NIVEL_SALARIAL_ID) values (7,to_date('17-OCT-11','DD-MON-RR'),to_date('03-SEP-13','DD-MON-RR'),9);
Insert into APBDOO.ANGAJAT_CONTRACT (ANGAJAT_CONTRACT_ID,DATA_INCEPUT,DATA_SFARSIT,ANGAJAT_NIVEL_SALARIAL_ID) values (8,to_date('15-APR-10','DD-MON-RR'),to_date('11-JUN-14','DD-MON-RR'),7);
Insert into APBDOO.ANGAJAT_CONTRACT (ANGAJAT_CONTRACT_ID,DATA_INCEPUT,DATA_SFARSIT,ANGAJAT_NIVEL_SALARIAL_ID) values (9,to_date('09-JAN-12','DD-MON-RR'),to_date('08-NOV-15','DD-MON-RR'),5);
Insert into APBDOO.ANGAJAT_CONTRACT (ANGAJAT_CONTRACT_ID,DATA_INCEPUT,DATA_SFARSIT,ANGAJAT_NIVEL_SALARIAL_ID) values (10,to_date('06-FEB-10','DD-MON-RR'),to_date('18-JUN-13','DD-MON-RR'),3);
Insert into APBDOO.ANGAJAT_CONTRACT (ANGAJAT_CONTRACT_ID,DATA_INCEPUT,DATA_SFARSIT,ANGAJAT_NIVEL_SALARIAL_ID) values (11,to_date('18-APR-11','DD-MON-RR'),to_date('28-AUG-15','DD-MON-RR'),2);
Insert into APBDOO.ANGAJAT_CONTRACT (ANGAJAT_CONTRACT_ID,DATA_INCEPUT,DATA_SFARSIT,ANGAJAT_NIVEL_SALARIAL_ID) values (12,to_date('18-SEP-12','DD-MON-RR'),to_date('11-OCT-16','DD-MON-RR'),4);
Insert into APBDOO.ANGAJAT_CONTRACT (ANGAJAT_CONTRACT_ID,DATA_INCEPUT,DATA_SFARSIT,ANGAJAT_NIVEL_SALARIAL_ID) values (13,to_date('30-NOV-12','DD-MON-RR'),to_date('25-FEB-15','DD-MON-RR'),6);
Insert into APBDOO.ANGAJAT_CONTRACT (ANGAJAT_CONTRACT_ID,DATA_INCEPUT,DATA_SFARSIT,ANGAJAT_NIVEL_SALARIAL_ID) values (14,to_date('25-JUN-10','DD-MON-RR'),to_date('31-MAY-13','DD-MON-RR'),5);
Insert into APBDOO.ANGAJAT_CONTRACT (ANGAJAT_CONTRACT_ID,DATA_INCEPUT,DATA_SFARSIT,ANGAJAT_NIVEL_SALARIAL_ID) values (15,to_date('03-JUN-11','DD-MON-RR'),to_date('05-JUL-14','DD-MON-RR'),3);
Insert into APBDOO.ANGAJAT_CONTRACT (ANGAJAT_CONTRACT_ID,DATA_INCEPUT,DATA_SFARSIT,ANGAJAT_NIVEL_SALARIAL_ID) values (16,to_date('05-FEB-10','DD-MON-RR'),to_date('04-FEB-16','DD-MON-RR'),10);
Insert into APBDOO.ANGAJAT_CONTRACT (ANGAJAT_CONTRACT_ID,DATA_INCEPUT,DATA_SFARSIT,ANGAJAT_NIVEL_SALARIAL_ID) values (17,to_date('26-FEB-10','DD-MON-RR'),to_date('07-APR-15','DD-MON-RR'),9);
Insert into APBDOO.ANGAJAT_CONTRACT (ANGAJAT_CONTRACT_ID,DATA_INCEPUT,DATA_SFARSIT,ANGAJAT_NIVEL_SALARIAL_ID) values (18,to_date('06-JAN-10','DD-MON-RR'),to_date('26-SEP-13','DD-MON-RR'),9);
Insert into APBDOO.ANGAJAT_CONTRACT (ANGAJAT_CONTRACT_ID,DATA_INCEPUT,DATA_SFARSIT,ANGAJAT_NIVEL_SALARIAL_ID) values (19,to_date('16-DEC-11','DD-MON-RR'),to_date('08-JUL-14','DD-MON-RR'),1);
Insert into APBDOO.ANGAJAT_CONTRACT (ANGAJAT_CONTRACT_ID,DATA_INCEPUT,DATA_SFARSIT,ANGAJAT_NIVEL_SALARIAL_ID) values (20,to_date('08-JUN-11','DD-MON-RR'),to_date('08-MAY-14','DD-MON-RR'),1);
Insert into APBDOO.ANGAJAT_CONTRACT (ANGAJAT_CONTRACT_ID,DATA_INCEPUT,DATA_SFARSIT,ANGAJAT_NIVEL_SALARIAL_ID) values (21,to_date('24-NOV-12','DD-MON-RR'),to_date('28-NOV-14','DD-MON-RR'),1);
Insert into APBDOO.ANGAJAT_CONTRACT (ANGAJAT_CONTRACT_ID,DATA_INCEPUT,DATA_SFARSIT,ANGAJAT_NIVEL_SALARIAL_ID) values (22,to_date('24-APR-11','DD-MON-RR'),to_date('22-MAR-14','DD-MON-RR'),1);
Insert into APBDOO.ANGAJAT_CONTRACT (ANGAJAT_CONTRACT_ID,DATA_INCEPUT,DATA_SFARSIT,ANGAJAT_NIVEL_SALARIAL_ID) values (23,to_date('10-APR-12','DD-MON-RR'),to_date('19-NOV-13','DD-MON-RR'),2);
Insert into APBDOO.ANGAJAT_CONTRACT (ANGAJAT_CONTRACT_ID,DATA_INCEPUT,DATA_SFARSIT,ANGAJAT_NIVEL_SALARIAL_ID) values (24,to_date('12-DEC-12','DD-MON-RR'),to_date('04-JUN-13','DD-MON-RR'),3);
Insert into APBDOO.ANGAJAT_CONTRACT (ANGAJAT_CONTRACT_ID,DATA_INCEPUT,DATA_SFARSIT,ANGAJAT_NIVEL_SALARIAL_ID) values (25,to_date('21-MAR-12','DD-MON-RR'),to_date('19-MAY-13','DD-MON-RR'),4);
Insert into APBDOO.ANGAJAT_CONTRACT (ANGAJAT_CONTRACT_ID,DATA_INCEPUT,DATA_SFARSIT,ANGAJAT_NIVEL_SALARIAL_ID) values (26,to_date('15-APR-11','DD-MON-RR'),to_date('04-SEP-16','DD-MON-RR'),5);
Insert into APBDOO.ANGAJAT_CONTRACT (ANGAJAT_CONTRACT_ID,DATA_INCEPUT,DATA_SFARSIT,ANGAJAT_NIVEL_SALARIAL_ID) values (27,to_date('22-NOV-10','DD-MON-RR'),to_date('13-JAN-16','DD-MON-RR'),6);
Insert into APBDOO.ANGAJAT_CONTRACT (ANGAJAT_CONTRACT_ID,DATA_INCEPUT,DATA_SFARSIT,ANGAJAT_NIVEL_SALARIAL_ID) values (28,to_date('22-SEP-10','DD-MON-RR'),to_date('20-SEP-14','DD-MON-RR'),7);
Insert into APBDOO.ANGAJAT_CONTRACT (ANGAJAT_CONTRACT_ID,DATA_INCEPUT,DATA_SFARSIT,ANGAJAT_NIVEL_SALARIAL_ID) values (29,to_date('05-NOV-11','DD-MON-RR'),to_date('09-DEC-14','DD-MON-RR'),8);
Insert into APBDOO.ANGAJAT_CONTRACT (ANGAJAT_CONTRACT_ID,DATA_INCEPUT,DATA_SFARSIT,ANGAJAT_NIVEL_SALARIAL_ID) values (30,to_date('12-JUL-11','DD-MON-RR'),to_date('11-SEP-13','DD-MON-RR'),9);
REM INSERTING into APBDOO.ANGAJAT_NIVEL_SALARIAL
SET DEFINE OFF;
Insert into APBDOO.ANGAJAT_NIVEL_SALARIAL (ANGAJAT_NIVEL_SALARIAL_ID,VALOARE) values (1,1500);
Insert into APBDOO.ANGAJAT_NIVEL_SALARIAL (ANGAJAT_NIVEL_SALARIAL_ID,VALOARE) values (2,2000);
Insert into APBDOO.ANGAJAT_NIVEL_SALARIAL (ANGAJAT_NIVEL_SALARIAL_ID,VALOARE) values (3,2500);
Insert into APBDOO.ANGAJAT_NIVEL_SALARIAL (ANGAJAT_NIVEL_SALARIAL_ID,VALOARE) values (4,3000);
Insert into APBDOO.ANGAJAT_NIVEL_SALARIAL (ANGAJAT_NIVEL_SALARIAL_ID,VALOARE) values (5,4000);
Insert into APBDOO.ANGAJAT_NIVEL_SALARIAL (ANGAJAT_NIVEL_SALARIAL_ID,VALOARE) values (6,5000);
Insert into APBDOO.ANGAJAT_NIVEL_SALARIAL (ANGAJAT_NIVEL_SALARIAL_ID,VALOARE) values (7,6000);
Insert into APBDOO.ANGAJAT_NIVEL_SALARIAL (ANGAJAT_NIVEL_SALARIAL_ID,VALOARE) values (8,8000);
Insert into APBDOO.ANGAJAT_NIVEL_SALARIAL (ANGAJAT_NIVEL_SALARIAL_ID,VALOARE) values (9,9000);
Insert into APBDOO.ANGAJAT_NIVEL_SALARIAL (ANGAJAT_NIVEL_SALARIAL_ID,VALOARE) values (10,9500);
REM INSERTING into APBDOO.ANGAJAT_POZITIE
SET DEFINE OFF;
Insert into APBDOO.ANGAJAT_POZITIE (ANGAJAT_POZITIE_ID,TITLU,DESCRIERE) values (1,'Accouting Manager','Accouting Manager DESCRIERE');
Insert into APBDOO.ANGAJAT_POZITIE (ANGAJAT_POZITIE_ID,TITLU,DESCRIERE) values (2,'Finance Director','Finance Director DESCRIERE');
Insert into APBDOO.ANGAJAT_POZITIE (ANGAJAT_POZITIE_ID,TITLU,DESCRIERE) values (3,'Human Resources Director','Human Resources Director DESCRIERE');
Insert into APBDOO.ANGAJAT_POZITIE (ANGAJAT_POZITIE_ID,TITLU,DESCRIERE) values (4,'Finance Manager','Finance Manager DESCRIERE');
Insert into APBDOO.ANGAJAT_POZITIE (ANGAJAT_POZITIE_ID,TITLU,DESCRIERE) values (5,'Full Stack Developer','Full Stack Developer DESCRIERE');
Insert into APBDOO.ANGAJAT_POZITIE (ANGAJAT_POZITIE_ID,TITLU,DESCRIERE) values (6,'Marketing Director','Marketing Director DESCRIERE');
Insert into APBDOO.ANGAJAT_POZITIE (ANGAJAT_POZITIE_ID,TITLU,DESCRIERE) values (7,'Purchasing Specialist','Purchasing Specialist DESCRIERE');
REM INSERTING into APBDOO.CLIENT
SET DEFINE OFF;
Insert into APBDOO.CLIENT (CLIENT_ID,NUME,TELEFON,EMAIL,ADRESA) values (1,'Kevin Boyd',2216710229,'kboyd0@earthlink.net',41);
Insert into APBDOO.CLIENT (CLIENT_ID,NUME,TELEFON,EMAIL,ADRESA) values (2,'Phillip Freeman',2716054567,'pfreeman1@home.pl',42);
Insert into APBDOO.CLIENT (CLIENT_ID,NUME,TELEFON,EMAIL,ADRESA) values (3,'Victor Payne',6049082392,'vpayne2@dedecms.com',43);
Insert into APBDOO.CLIENT (CLIENT_ID,NUME,TELEFON,EMAIL,ADRESA) values (4,'Jeremy Murphy',4157948517,'jmurphy3@amazonaws.com',44);
Insert into APBDOO.CLIENT (CLIENT_ID,NUME,TELEFON,EMAIL,ADRESA) values (5,'Rachel Simmons',5615061152,'rsimmons4@gravatar.com',45);
Insert into APBDOO.CLIENT (CLIENT_ID,NUME,TELEFON,EMAIL,ADRESA) values (6,'Craig Hughes',7868020568,'chughes5@virginia.edu',46);
Insert into APBDOO.CLIENT (CLIENT_ID,NUME,TELEFON,EMAIL,ADRESA) values (7,'Barbara Greene',9501037693,'bgreene6@gizmodo.com',47);
Insert into APBDOO.CLIENT (CLIENT_ID,NUME,TELEFON,EMAIL,ADRESA) values (8,'Earl Hansen',4474443631,'ehansen7@washingtonpost.com',48);
Insert into APBDOO.CLIENT (CLIENT_ID,NUME,TELEFON,EMAIL,ADRESA) values (9,'Todd Bowman',8864632825,'tbowman8@over-blog.com',49);
Insert into APBDOO.CLIENT (CLIENT_ID,NUME,TELEFON,EMAIL,ADRESA) values (10,'Karen Kelley',9050554612,'kkelley9@fda.gov',50);
Insert into APBDOO.CLIENT (CLIENT_ID,NUME,TELEFON,EMAIL,ADRESA) values (11,'Wayne Rose',8981222919,'wrosea@example.com',51);
Insert into APBDOO.CLIENT (CLIENT_ID,NUME,TELEFON,EMAIL,ADRESA) values (12,'Jean Bishop',9504305767,'jbishopb@wordpress.com',52);
Insert into APBDOO.CLIENT (CLIENT_ID,NUME,TELEFON,EMAIL,ADRESA) values (13,'Albert Burton',1854829635,'aburtonc@businesswire.com',53);
Insert into APBDOO.CLIENT (CLIENT_ID,NUME,TELEFON,EMAIL,ADRESA) values (14,'Mary Lopez',3864388201,'mlopezd@auda.org.au',54);
Insert into APBDOO.CLIENT (CLIENT_ID,NUME,TELEFON,EMAIL,ADRESA) values (15,'Walter Torres',6546073895,'wtorrese@wp.com',55);
Insert into APBDOO.CLIENT (CLIENT_ID,NUME,TELEFON,EMAIL,ADRESA) values (16,'Judy Parker',7856866581,'jparkerf@barnesandnoble.com',56);
Insert into APBDOO.CLIENT (CLIENT_ID,NUME,TELEFON,EMAIL,ADRESA) values (17,'Ruby Ramirez',8584517138,'rramirezg@patch.com',57);
Insert into APBDOO.CLIENT (CLIENT_ID,NUME,TELEFON,EMAIL,ADRESA) values (18,'Harry Morgan',8566602600,'hmorganh@com.com',58);
Insert into APBDOO.CLIENT (CLIENT_ID,NUME,TELEFON,EMAIL,ADRESA) values (19,'Louis Hunt',8803382414,'lhunti@1und1.de',59);
Insert into APBDOO.CLIENT (CLIENT_ID,NUME,TELEFON,EMAIL,ADRESA) values (20,'Gregory Matthews',4824514426,'gmatthewsj@bloomberg.com',60);
Insert into APBDOO.CLIENT (CLIENT_ID,NUME,TELEFON,EMAIL,ADRESA) values (21,'Anthony Howell',7157727836,'ahowellk@baidu.com',61);
Insert into APBDOO.CLIENT (CLIENT_ID,NUME,TELEFON,EMAIL,ADRESA) values (22,'Bonnie Holmes',6440327263,'bholmesl@desdev.cn',62);
Insert into APBDOO.CLIENT (CLIENT_ID,NUME,TELEFON,EMAIL,ADRESA) values (23,'Charles Sanders',6701414958,'csandersm@nbcnews.com',63);
Insert into APBDOO.CLIENT (CLIENT_ID,NUME,TELEFON,EMAIL,ADRESA) values (24,'Mildred Larson',6771932621,'mlarsonn@cyberchimps.com',64);
Insert into APBDOO.CLIENT (CLIENT_ID,NUME,TELEFON,EMAIL,ADRESA) values (25,'Phyllis Mills',1090103695,'pmillso@usgs.gov',65);
Insert into APBDOO.CLIENT (CLIENT_ID,NUME,TELEFON,EMAIL,ADRESA) values (26,'Eugene King',9382709514,'ekingp@wired.com',66);
Insert into APBDOO.CLIENT (CLIENT_ID,NUME,TELEFON,EMAIL,ADRESA) values (27,'Russell Fisher',7615310238,'rfisherq@free.fr',67);
Insert into APBDOO.CLIENT (CLIENT_ID,NUME,TELEFON,EMAIL,ADRESA) values (28,'Sarah Franklin',9968250565,'sfranklinr@uiuc.edu',68);
Insert into APBDOO.CLIENT (CLIENT_ID,NUME,TELEFON,EMAIL,ADRESA) values (29,'Pamela Mccoy',5121855817,'pmccoys@newsvine.com',69);
Insert into APBDOO.CLIENT (CLIENT_ID,NUME,TELEFON,EMAIL,ADRESA) values (30,'Stephanie Wood',1706526536,'swoodt@printfriendly.com',70);
REM INSERTING into APBDOO.FACTURA_CLIENT
SET DEFINE OFF;
Insert into APBDOO.FACTURA_CLIENT (FACTURA_CLIENT_ID,DATA_INCEPUT,DATA_SFARSIT,DATA_RETURNARE,CLIENT_ID) values (1,to_date('25-JAN-15','DD-MON-RR'),to_date('25-FEB-15','DD-MON-RR'),to_date('21-FEB-15','DD-MON-RR'),1);
Insert into APBDOO.FACTURA_CLIENT (FACTURA_CLIENT_ID,DATA_INCEPUT,DATA_SFARSIT,DATA_RETURNARE,CLIENT_ID) values (2,to_date('02-FEB-15','DD-MON-RR'),to_date('02-MAR-15','DD-MON-RR'),to_date('22-FEB-15','DD-MON-RR'),2);
Insert into APBDOO.FACTURA_CLIENT (FACTURA_CLIENT_ID,DATA_INCEPUT,DATA_SFARSIT,DATA_RETURNARE,CLIENT_ID) values (3,to_date('12-FEB-15','DD-MON-RR'),to_date('12-MAR-15','DD-MON-RR'),null,3);
Insert into APBDOO.FACTURA_CLIENT (FACTURA_CLIENT_ID,DATA_INCEPUT,DATA_SFARSIT,DATA_RETURNARE,CLIENT_ID) values (4,to_date('14-JAN-15','DD-MON-RR'),to_date('14-FEB-15','DD-MON-RR'),to_date('05-FEB-15','DD-MON-RR'),4);
Insert into APBDOO.FACTURA_CLIENT (FACTURA_CLIENT_ID,DATA_INCEPUT,DATA_SFARSIT,DATA_RETURNARE,CLIENT_ID) values (5,to_date('17-JAN-15','DD-MON-RR'),to_date('17-FEB-15','DD-MON-RR'),to_date('21-JAN-15','DD-MON-RR'),5);
Insert into APBDOO.FACTURA_CLIENT (FACTURA_CLIENT_ID,DATA_INCEPUT,DATA_SFARSIT,DATA_RETURNARE,CLIENT_ID) values (6,to_date('09-FEB-15','DD-MON-RR'),to_date('09-MAR-15','DD-MON-RR'),null,6);
Insert into APBDOO.FACTURA_CLIENT (FACTURA_CLIENT_ID,DATA_INCEPUT,DATA_SFARSIT,DATA_RETURNARE,CLIENT_ID) values (7,to_date('05-JAN-15','DD-MON-RR'),to_date('05-FEB-15','DD-MON-RR'),to_date('28-JAN-15','DD-MON-RR'),7);
Insert into APBDOO.FACTURA_CLIENT (FACTURA_CLIENT_ID,DATA_INCEPUT,DATA_SFARSIT,DATA_RETURNARE,CLIENT_ID) values (8,to_date('18-JAN-15','DD-MON-RR'),to_date('18-FEB-15','DD-MON-RR'),to_date('28-JAN-15','DD-MON-RR'),8);
Insert into APBDOO.FACTURA_CLIENT (FACTURA_CLIENT_ID,DATA_INCEPUT,DATA_SFARSIT,DATA_RETURNARE,CLIENT_ID) values (9,to_date('30-JAN-15','DD-MON-RR'),to_date('28-FEB-15','DD-MON-RR'),to_date('27-FEB-15','DD-MON-RR'),9);
Insert into APBDOO.FACTURA_CLIENT (FACTURA_CLIENT_ID,DATA_INCEPUT,DATA_SFARSIT,DATA_RETURNARE,CLIENT_ID) values (10,to_date('29-JAN-15','DD-MON-RR'),to_date('28-FEB-15','DD-MON-RR'),to_date('22-FEB-15','DD-MON-RR'),10);
Insert into APBDOO.FACTURA_CLIENT (FACTURA_CLIENT_ID,DATA_INCEPUT,DATA_SFARSIT,DATA_RETURNARE,CLIENT_ID) values (11,to_date('17-FEB-15','DD-MON-RR'),to_date('17-MAR-15','DD-MON-RR'),to_date('14-MAR-15','DD-MON-RR'),11);
Insert into APBDOO.FACTURA_CLIENT (FACTURA_CLIENT_ID,DATA_INCEPUT,DATA_SFARSIT,DATA_RETURNARE,CLIENT_ID) values (12,to_date('07-JAN-15','DD-MON-RR'),to_date('07-FEB-15','DD-MON-RR'),to_date('02-FEB-15','DD-MON-RR'),12);
Insert into APBDOO.FACTURA_CLIENT (FACTURA_CLIENT_ID,DATA_INCEPUT,DATA_SFARSIT,DATA_RETURNARE,CLIENT_ID) values (13,to_date('06-JAN-15','DD-MON-RR'),to_date('06-FEB-15','DD-MON-RR'),null,13);
Insert into APBDOO.FACTURA_CLIENT (FACTURA_CLIENT_ID,DATA_INCEPUT,DATA_SFARSIT,DATA_RETURNARE,CLIENT_ID) values (14,to_date('17-JAN-15','DD-MON-RR'),to_date('17-FEB-15','DD-MON-RR'),to_date('13-FEB-15','DD-MON-RR'),14);
Insert into APBDOO.FACTURA_CLIENT (FACTURA_CLIENT_ID,DATA_INCEPUT,DATA_SFARSIT,DATA_RETURNARE,CLIENT_ID) values (15,to_date('06-FEB-15','DD-MON-RR'),to_date('06-MAR-15','DD-MON-RR'),to_date('17-FEB-15','DD-MON-RR'),15);
Insert into APBDOO.FACTURA_CLIENT (FACTURA_CLIENT_ID,DATA_INCEPUT,DATA_SFARSIT,DATA_RETURNARE,CLIENT_ID) values (16,to_date('10-FEB-15','DD-MON-RR'),to_date('10-MAR-15','DD-MON-RR'),to_date('03-MAR-15','DD-MON-RR'),16);
Insert into APBDOO.FACTURA_CLIENT (FACTURA_CLIENT_ID,DATA_INCEPUT,DATA_SFARSIT,DATA_RETURNARE,CLIENT_ID) values (17,to_date('10-FEB-15','DD-MON-RR'),to_date('10-MAR-15','DD-MON-RR'),to_date('24-FEB-15','DD-MON-RR'),17);
Insert into APBDOO.FACTURA_CLIENT (FACTURA_CLIENT_ID,DATA_INCEPUT,DATA_SFARSIT,DATA_RETURNARE,CLIENT_ID) values (18,to_date('19-FEB-15','DD-MON-RR'),to_date('19-MAR-15','DD-MON-RR'),to_date('12-MAR-15','DD-MON-RR'),18);
Insert into APBDOO.FACTURA_CLIENT (FACTURA_CLIENT_ID,DATA_INCEPUT,DATA_SFARSIT,DATA_RETURNARE,CLIENT_ID) values (19,to_date('07-JAN-15','DD-MON-RR'),to_date('07-FEB-15','DD-MON-RR'),null,19);
Insert into APBDOO.FACTURA_CLIENT (FACTURA_CLIENT_ID,DATA_INCEPUT,DATA_SFARSIT,DATA_RETURNARE,CLIENT_ID) values (20,to_date('16-JAN-15','DD-MON-RR'),to_date('16-FEB-15','DD-MON-RR'),to_date('21-JAN-15','DD-MON-RR'),20);
Insert into APBDOO.FACTURA_CLIENT (FACTURA_CLIENT_ID,DATA_INCEPUT,DATA_SFARSIT,DATA_RETURNARE,CLIENT_ID) values (21,to_date('12-JAN-15','DD-MON-RR'),to_date('12-FEB-15','DD-MON-RR'),to_date('23-JAN-15','DD-MON-RR'),21);
Insert into APBDOO.FACTURA_CLIENT (FACTURA_CLIENT_ID,DATA_INCEPUT,DATA_SFARSIT,DATA_RETURNARE,CLIENT_ID) values (22,to_date('02-FEB-15','DD-MON-RR'),to_date('02-MAR-15','DD-MON-RR'),to_date('03-FEB-15','DD-MON-RR'),22);
Insert into APBDOO.FACTURA_CLIENT (FACTURA_CLIENT_ID,DATA_INCEPUT,DATA_SFARSIT,DATA_RETURNARE,CLIENT_ID) values (23,to_date('10-JAN-15','DD-MON-RR'),to_date('10-FEB-15','DD-MON-RR'),null,23);
Insert into APBDOO.FACTURA_CLIENT (FACTURA_CLIENT_ID,DATA_INCEPUT,DATA_SFARSIT,DATA_RETURNARE,CLIENT_ID) values (24,to_date('01-JAN-15','DD-MON-RR'),to_date('01-FEB-15','DD-MON-RR'),to_date('24-JAN-15','DD-MON-RR'),24);
Insert into APBDOO.FACTURA_CLIENT (FACTURA_CLIENT_ID,DATA_INCEPUT,DATA_SFARSIT,DATA_RETURNARE,CLIENT_ID) values (25,to_date('20-FEB-15','DD-MON-RR'),to_date('20-MAR-15','DD-MON-RR'),to_date('28-FEB-15','DD-MON-RR'),25);
Insert into APBDOO.FACTURA_CLIENT (FACTURA_CLIENT_ID,DATA_INCEPUT,DATA_SFARSIT,DATA_RETURNARE,CLIENT_ID) values (26,to_date('07-JAN-15','DD-MON-RR'),to_date('07-FEB-15','DD-MON-RR'),to_date('13-JAN-15','DD-MON-RR'),26);
Insert into APBDOO.FACTURA_CLIENT (FACTURA_CLIENT_ID,DATA_INCEPUT,DATA_SFARSIT,DATA_RETURNARE,CLIENT_ID) values (27,to_date('29-JAN-15','DD-MON-RR'),to_date('28-FEB-15','DD-MON-RR'),null,27);
Insert into APBDOO.FACTURA_CLIENT (FACTURA_CLIENT_ID,DATA_INCEPUT,DATA_SFARSIT,DATA_RETURNARE,CLIENT_ID) values (28,to_date('17-FEB-15','DD-MON-RR'),to_date('17-MAR-15','DD-MON-RR'),to_date('19-FEB-15','DD-MON-RR'),28);
Insert into APBDOO.FACTURA_CLIENT (FACTURA_CLIENT_ID,DATA_INCEPUT,DATA_SFARSIT,DATA_RETURNARE,CLIENT_ID) values (29,to_date('09-JAN-15','DD-MON-RR'),to_date('09-FEB-15','DD-MON-RR'),to_date('02-FEB-15','DD-MON-RR'),29);
Insert into APBDOO.FACTURA_CLIENT (FACTURA_CLIENT_ID,DATA_INCEPUT,DATA_SFARSIT,DATA_RETURNARE,CLIENT_ID) values (30,to_date('22-FEB-15','DD-MON-RR'),to_date('22-MAR-15','DD-MON-RR'),to_date('11-MAR-15','DD-MON-RR'),30);
REM INSERTING into APBDOO.IMPRUMUT_JOC
SET DEFINE OFF;
Insert into APBDOO.IMPRUMUT_JOC (IMPRUMUT_JOC_ID,JOC_ID,MAGAZIN_ID,FACTURA_CLIENT_ID) values (1,1,3,1);
Insert into APBDOO.IMPRUMUT_JOC (IMPRUMUT_JOC_ID,JOC_ID,MAGAZIN_ID,FACTURA_CLIENT_ID) values (2,2,1,2);
Insert into APBDOO.IMPRUMUT_JOC (IMPRUMUT_JOC_ID,JOC_ID,MAGAZIN_ID,FACTURA_CLIENT_ID) values (3,3,2,3);
Insert into APBDOO.IMPRUMUT_JOC (IMPRUMUT_JOC_ID,JOC_ID,MAGAZIN_ID,FACTURA_CLIENT_ID) values (5,5,4,9);
Insert into APBDOO.IMPRUMUT_JOC (IMPRUMUT_JOC_ID,JOC_ID,MAGAZIN_ID,FACTURA_CLIENT_ID) values (6,6,1,12);
Insert into APBDOO.IMPRUMUT_JOC (IMPRUMUT_JOC_ID,JOC_ID,MAGAZIN_ID,FACTURA_CLIENT_ID) values (7,7,3,13);
Insert into APBDOO.IMPRUMUT_JOC (IMPRUMUT_JOC_ID,JOC_ID,MAGAZIN_ID,FACTURA_CLIENT_ID) values (8,8,5,14);
Insert into APBDOO.IMPRUMUT_JOC (IMPRUMUT_JOC_ID,JOC_ID,MAGAZIN_ID,FACTURA_CLIENT_ID) values (9,9,2,15);
Insert into APBDOO.IMPRUMUT_JOC (IMPRUMUT_JOC_ID,JOC_ID,MAGAZIN_ID,FACTURA_CLIENT_ID) values (10,10,3,16);
Insert into APBDOO.IMPRUMUT_JOC (IMPRUMUT_JOC_ID,JOC_ID,MAGAZIN_ID,FACTURA_CLIENT_ID) values (11,11,1,17);
Insert into APBDOO.IMPRUMUT_JOC (IMPRUMUT_JOC_ID,JOC_ID,MAGAZIN_ID,FACTURA_CLIENT_ID) values (12,12,5,18);
Insert into APBDOO.IMPRUMUT_JOC (IMPRUMUT_JOC_ID,JOC_ID,MAGAZIN_ID,FACTURA_CLIENT_ID) values (13,13,2,10);
Insert into APBDOO.IMPRUMUT_JOC (IMPRUMUT_JOC_ID,JOC_ID,MAGAZIN_ID,FACTURA_CLIENT_ID) values (14,14,1,11);
Insert into APBDOO.IMPRUMUT_JOC (IMPRUMUT_JOC_ID,JOC_ID,MAGAZIN_ID,FACTURA_CLIENT_ID) values (15,15,5,19);
Insert into APBDOO.IMPRUMUT_JOC (IMPRUMUT_JOC_ID,JOC_ID,MAGAZIN_ID,FACTURA_CLIENT_ID) values (16,16,4,20);
Insert into APBDOO.IMPRUMUT_JOC (IMPRUMUT_JOC_ID,JOC_ID,MAGAZIN_ID,FACTURA_CLIENT_ID) values (17,17,2,25);
Insert into APBDOO.IMPRUMUT_JOC (IMPRUMUT_JOC_ID,JOC_ID,MAGAZIN_ID,FACTURA_CLIENT_ID) values (18,18,2,26);
Insert into APBDOO.IMPRUMUT_JOC (IMPRUMUT_JOC_ID,JOC_ID,MAGAZIN_ID,FACTURA_CLIENT_ID) values (19,19,1,27);
Insert into APBDOO.IMPRUMUT_JOC (IMPRUMUT_JOC_ID,JOC_ID,MAGAZIN_ID,FACTURA_CLIENT_ID) values (20,20,2,28);
Insert into APBDOO.IMPRUMUT_JOC (IMPRUMUT_JOC_ID,JOC_ID,MAGAZIN_ID,FACTURA_CLIENT_ID) values (21,21,3,29);
Insert into APBDOO.IMPRUMUT_JOC (IMPRUMUT_JOC_ID,JOC_ID,MAGAZIN_ID,FACTURA_CLIENT_ID) values (22,22,4,30);
Insert into APBDOO.IMPRUMUT_JOC (IMPRUMUT_JOC_ID,JOC_ID,MAGAZIN_ID,FACTURA_CLIENT_ID) values (23,23,5,21);
Insert into APBDOO.IMPRUMUT_JOC (IMPRUMUT_JOC_ID,JOC_ID,MAGAZIN_ID,FACTURA_CLIENT_ID) values (24,24,1,5);
Insert into APBDOO.IMPRUMUT_JOC (IMPRUMUT_JOC_ID,JOC_ID,MAGAZIN_ID,FACTURA_CLIENT_ID) values (25,25,2,6);
Insert into APBDOO.IMPRUMUT_JOC (IMPRUMUT_JOC_ID,JOC_ID,MAGAZIN_ID,FACTURA_CLIENT_ID) values (26,26,3,7);
Insert into APBDOO.IMPRUMUT_JOC (IMPRUMUT_JOC_ID,JOC_ID,MAGAZIN_ID,FACTURA_CLIENT_ID) values (27,27,4,8);
Insert into APBDOO.IMPRUMUT_JOC (IMPRUMUT_JOC_ID,JOC_ID,MAGAZIN_ID,FACTURA_CLIENT_ID) values (28,28,1,22);
Insert into APBDOO.IMPRUMUT_JOC (IMPRUMUT_JOC_ID,JOC_ID,MAGAZIN_ID,FACTURA_CLIENT_ID) values (29,29,5,23);
Insert into APBDOO.IMPRUMUT_JOC (IMPRUMUT_JOC_ID,JOC_ID,MAGAZIN_ID,FACTURA_CLIENT_ID) values (30,30,1,24);
REM INSERTING into APBDOO.JOC
SET DEFINE OFF;
Insert into APBDOO.JOC (JOC_ID,NUME,IMAGINE,DESCRIERE,AN_PUBLICARE,JOC_CATEGORIE_ID,JOC_PRODUCATOR_ID,JOC_TIP_ID,JOC_NUMAR_JUCATORI_ID) values (27,'Jungle Speed','https://cf.geekdo-images.com/qEV2X3KVOEE_cNowLyIwkJaB-w8=/fit-in/246x300/pic736534.jpg','In Jungle Speed, you must rely on your keen sense of observation and quick reflexes. It requires a steady hand -- which can be hard to maintain during the many fits of maniacal laughter! The wooden Totem sits in the middle of the table, waiting for the player with the fastest reflexes to snatch it up and win the game.',1997,2,2,2,1);
Insert into APBDOO.JOC (JOC_ID,NUME,IMAGINE,DESCRIERE,AN_PUBLICARE,JOC_CATEGORIE_ID,JOC_PRODUCATOR_ID,JOC_TIP_ID,JOC_NUMAR_JUCATORI_ID) values (28,'King of Tokyo','https://cf.geekdo-images.com/wOXROwYuEDNoDY6LhhUPGETrSnM=/fit-in/246x300/pic3043734.jpg','In King of Tokyo, you play mutant monsters, gigantic robots, and strange aliensall of whom are destroying Tokyo and whacking each other in order to become King of Tokyo. At the start of each turn, you roll six dice, which show the following six symbols: 1, 2, or 3 Victory Points, Energy, Heal, and Attack. Over three successive throws, choose whether to keep or discard each die in order to win victory points, gain energy, restore health, or attack other players.',2011,4,6,1,3);
Insert into APBDOO.JOC (JOC_ID,NUME,IMAGINE,DESCRIERE,AN_PUBLICARE,JOC_CATEGORIE_ID,JOC_PRODUCATOR_ID,JOC_TIP_ID,JOC_NUMAR_JUCATORI_ID) values (29,'Takenoko','https://cf.geekdo-images.com/DGncmXwZ0_s3BCzsUi9AXdX2Tdk=/fit-in/246x300/pic1912529.jpg','In Takenoko, the players will cultivate land plots, irrigate them, and grow one of the three species of bamboo (Green, Yellow, and Pink) with the help of the Imperial gardener to maintain this bamboo garden. They will have to bear with the immoderate hunger of this sacred animal for the juicy and tender bamboo. The player who manages his land plots best, growing the most bamboo while feeding the delicate appetite of the panda, will win the game.',2011,3,3,1,3);
Insert into APBDOO.JOC (JOC_ID,NUME,IMAGINE,DESCRIERE,AN_PUBLICARE,JOC_CATEGORIE_ID,JOC_PRODUCATOR_ID,JOC_TIP_ID,JOC_NUMAR_JUCATORI_ID) values (30,'Takenoko','https://cf.geekdo-images.com/DGncmXwZ0_s3BCzsUi9AXdX2Tdk=/fit-in/246x300/pic1912529.jpg','In Takenoko, the players will cultivate land plots, irrigate them, and grow one of the three species of bamboo (Green, Yellow, and Pink) with the help of the Imperial gardener to maintain this bamboo garden. They will have to bear with the immoderate hunger of this sacred animal for the juicy and tender bamboo. The player who manages his land plots best, growing the most bamboo while feeding the delicate appetite of the panda, will win the game.',2011,3,3,1,2);
Insert into APBDOO.JOC (JOC_ID,NUME,IMAGINE,DESCRIERE,AN_PUBLICARE,JOC_CATEGORIE_ID,JOC_PRODUCATOR_ID,JOC_TIP_ID,JOC_NUMAR_JUCATORI_ID) values (31,'Catan','https://cf.geekdo-images.com/aozRplCSOpRucLxSuClX2odEUBQ=/fit-in/246x300/pic2419375.jpg','In Catan (formerly The Settlers of Catan), players try to be the dominant force on the island of Catan by building settlements, cities, and roads. On each turn dice are rolled to determine what resources the island produces. Players collect these resources (cards)wood, grain, brick, sheep, or stoneto build up their civilizations to get to 10 victory points and win the game.',1995,1,1,1,2);
Insert into APBDOO.JOC (JOC_ID,NUME,IMAGINE,DESCRIERE,AN_PUBLICARE,JOC_CATEGORIE_ID,JOC_PRODUCATOR_ID,JOC_TIP_ID,JOC_NUMAR_JUCATORI_ID) values (32,'Catan','https://cf.geekdo-images.com/aozRplCSOpRucLxSuClX2odEUBQ=/fit-in/246x300/pic2419375.jpg','In Catan (formerly The Settlers of Catan), players try to be the dominant force on the island of Catan by building settlements, cities, and roads. On each turn dice are rolled to determine what resources the island produces. Players collect these resources (cards)wood, grain, brick, sheep, or stoneto build up their civilizations to get to 10 victory points and win the game.',1995,1,1,1,2);
Insert into APBDOO.JOC (JOC_ID,NUME,IMAGINE,DESCRIERE,AN_PUBLICARE,JOC_CATEGORIE_ID,JOC_PRODUCATOR_ID,JOC_TIP_ID,JOC_NUMAR_JUCATORI_ID) values (33,'Catan','https://cf.geekdo-images.com/aozRplCSOpRucLxSuClX2odEUBQ=/fit-in/246x300/pic2419375.jpg','In Catan (formerly The Settlers of Catan), players try to be the dominant force on the island of Catan by building settlements, cities, and roads. On each turn dice are rolled to determine what resources the island produces. Players collect these resources (cards)wood, grain, brick, sheep, or stoneto build up their civilizations to get to 10 victory points and win the game.',1995,1,1,1,1);
Insert into APBDOO.JOC (JOC_ID,NUME,IMAGINE,DESCRIERE,AN_PUBLICARE,JOC_CATEGORIE_ID,JOC_PRODUCATOR_ID,JOC_TIP_ID,JOC_NUMAR_JUCATORI_ID) values (34,'Catan','https://cf.geekdo-images.com/aozRplCSOpRucLxSuClX2odEUBQ=/fit-in/246x300/pic2419375.jpg','In Catan (formerly The Settlers of Catan), players try to be the dominant force on the island of Catan by building settlements, cities, and roads. On each turn dice are rolled to determine what resources the island produces. Players collect these resources (cards)wood, grain, brick, sheep, or stoneto build up their civilizations to get to 10 victory points and win the game.',1995,1,1,1,3);
Insert into APBDOO.JOC (JOC_ID,NUME,IMAGINE,DESCRIERE,AN_PUBLICARE,JOC_CATEGORIE_ID,JOC_PRODUCATOR_ID,JOC_TIP_ID,JOC_NUMAR_JUCATORI_ID) values (35,'Coup II','https://cf.geekdo-images.com/iwjc_79Aqz3lMb6orn7XhDplgKc=/fit-in/246x300/pic2016054.jpg','You are head of a family in an Italian city-state, a city run by a weak and corrupt court. You need to manipulate, bluff and bribe your way to power. Your object is to destroy the influence of all the other families, forcing them into exile. Only one family will survive. In Coup, you want to be the last player with influence in the game, with influence being represented by face-down character cards in your playing area.',2012,2,4,2,2);
Insert into APBDOO.JOC (JOC_ID,NUME,IMAGINE,DESCRIERE,AN_PUBLICARE,JOC_CATEGORIE_ID,JOC_PRODUCATOR_ID,JOC_TIP_ID,JOC_NUMAR_JUCATORI_ID) values (36,'Coup II','https://cf.geekdo-images.com/iwjc_79Aqz3lMb6orn7XhDplgKc=/fit-in/246x300/pic2016054.jpg','You are head of a family in an Italian city-state, a city run by a weak and corrupt court. You need to manipulate, bluff and bribe your way to power. Your object is to destroy the influence of all the other families, forcing them into exile. Only one family will survive. In Coup, you want to be the last player with influence in the game, with influence being represented by face-down character cards in your playing area.',2012,2,4,2,2);
Insert into APBDOO.JOC (JOC_ID,NUME,IMAGINE,DESCRIERE,AN_PUBLICARE,JOC_CATEGORIE_ID,JOC_PRODUCATOR_ID,JOC_TIP_ID,JOC_NUMAR_JUCATORI_ID) values (37,'King of Tokyo','https://cf.geekdo-images.com/wOXROwYuEDNoDY6LhhUPGETrSnM=/fit-in/246x300/pic3043734.jpg','In King of Tokyo, you play mutant monsters, gigantic robots, and strange aliensall of whom are destroying Tokyo and whacking each other in order to become King of Tokyo. At the start of each turn, you roll six dice, which show the following six symbols: 1, 2, or 3 Victory Points, Energy, Heal, and Attack. Over three successive throws, choose whether to keep or discard each die in order to win victory points, gain energy, restore health, or attack other players.',2011,4,6,1,4);
Insert into APBDOO.JOC (JOC_ID,NUME,IMAGINE,DESCRIERE,AN_PUBLICARE,JOC_CATEGORIE_ID,JOC_PRODUCATOR_ID,JOC_TIP_ID,JOC_NUMAR_JUCATORI_ID) values (38,'King of Tokyo','https://cf.geekdo-images.com/wOXROwYuEDNoDY6LhhUPGETrSnM=/fit-in/246x300/pic3043734.jpg','In King of Tokyo, you play mutant monsters, gigantic robots, and strange aliensall of whom are destroying Tokyo and whacking each other in order to become King of Tokyo. At the start of each turn, you roll six dice, which show the following six symbols: 1, 2, or 3 Victory Points, Energy, Heal, and Attack. Over three successive throws, choose whether to keep or discard each die in order to win victory points, gain energy, restore health, or attack other players.',2011,4,6,1,4);
Insert into APBDOO.JOC (JOC_ID,NUME,IMAGINE,DESCRIERE,AN_PUBLICARE,JOC_CATEGORIE_ID,JOC_PRODUCATOR_ID,JOC_TIP_ID,JOC_NUMAR_JUCATORI_ID) values (39,'King of Tokyo','https://cf.geekdo-images.com/wOXROwYuEDNoDY6LhhUPGETrSnM=/fit-in/246x300/pic3043734.jpg','In King of Tokyo, you play mutant monsters, gigantic robots, and strange aliensall of whom are destroying Tokyo and whacking each other in order to become King of Tokyo. At the start of each turn, you roll six dice, which show the following six symbols: 1, 2, or 3 Victory Points, Energy, Heal, and Attack. Over three successive throws, choose whether to keep or discard each die in order to win victory points, gain energy, restore health, or attack other players.',2011,4,6,1,1);
Insert into APBDOO.JOC (JOC_ID,NUME,IMAGINE,DESCRIERE,AN_PUBLICARE,JOC_CATEGORIE_ID,JOC_PRODUCATOR_ID,JOC_TIP_ID,JOC_NUMAR_JUCATORI_ID) values (40,'Love Letter','https://cf.geekdo-images.com/x7Xa_F99E1UJXXKp2_NQi-sgwEM=/fit-in/246x300/pic1401448.jpg','Love Letter is a game of risk, deduction, and luck for 24 players. Your goal is to get your love letter into Princess Annette''s hands while deflecting the letters from competing suitors. From a deck with only sixteen cards, each player starts with only one card in hand; one card is removed from play. On a turn, you draw one card, and play one card, trying to expose others and knock them from the game. Powerful cards lead to early gains, but make you a target.',2012,2,5,1,1);
Insert into APBDOO.JOC (JOC_ID,NUME,IMAGINE,DESCRIERE,AN_PUBLICARE,JOC_CATEGORIE_ID,JOC_PRODUCATOR_ID,JOC_TIP_ID,JOC_NUMAR_JUCATORI_ID) values (43,'Test','sd','asd',1,1,1,1,1);
Insert into APBDOO.JOC (JOC_ID,NUME,IMAGINE,DESCRIERE,AN_PUBLICARE,JOC_CATEGORIE_ID,JOC_PRODUCATOR_ID,JOC_TIP_ID,JOC_NUMAR_JUCATORI_ID) values (45,'Catan 2','asd','asd',1,2,1,1,1);
Insert into APBDOO.JOC (JOC_ID,NUME,IMAGINE,DESCRIERE,AN_PUBLICARE,JOC_CATEGORIE_ID,JOC_PRODUCATOR_ID,JOC_TIP_ID,JOC_NUMAR_JUCATORI_ID) values (47,'Test joc 2','qwe','qwe',1,2,1,1,1);
Insert into APBDOO.JOC (JOC_ID,NUME,IMAGINE,DESCRIERE,AN_PUBLICARE,JOC_CATEGORIE_ID,JOC_PRODUCATOR_ID,JOC_TIP_ID,JOC_NUMAR_JUCATORI_ID) values (48,'Test','asd','asd',123,1,1,5,1);
Insert into APBDOO.JOC (JOC_ID,NUME,IMAGINE,DESCRIERE,AN_PUBLICARE,JOC_CATEGORIE_ID,JOC_PRODUCATOR_ID,JOC_TIP_ID,JOC_NUMAR_JUCATORI_ID) values (46,'Test joc','1','1',1,1,6,1,1);
Insert into APBDOO.JOC (JOC_ID,NUME,IMAGINE,DESCRIERE,AN_PUBLICARE,JOC_CATEGORIE_ID,JOC_PRODUCATOR_ID,JOC_TIP_ID,JOC_NUMAR_JUCATORI_ID) values (41,'Love Letter','https://cf.geekdo-images.com/x7Xa_F99E1UJXXKp2_NQi-sgwEM=/fit-in/246x300/pic1401448.jpg','Love Letter is a game of risk, deduction, and luck for 24 players. Your goal is to get your love letter into Princess Annette''s hands while deflecting the letters from competing suitors. From a deck with only sixteen cards, each player starts with only one card in hand; one card is removed from play. On a turn, you draw one card, and play one card, trying to expose others and knock them from the game. Powerful cards lead to early gains, but make you a target.',2012,2,5,1,1);
Insert into APBDOO.JOC (JOC_ID,NUME,IMAGINE,DESCRIERE,AN_PUBLICARE,JOC_CATEGORIE_ID,JOC_PRODUCATOR_ID,JOC_TIP_ID,JOC_NUMAR_JUCATORI_ID) values (1,'Catan','https://cf.geekdo-images.com/aozRplCSOpRucLxSuClX2odEUBQ=/fit-in/246x300/pic2419375.jpg','In Catan (formerly The Settlers of Catan), players try to be the dominant force on the island of Catan by building settlements, cities, and roads. On each turn dice are rolled to determine what resources the island produces. Players collect these resources (cards) as wood, grain, brick, sheep, or stone to build up their civilizations to get to 10 victory points and win the game.',1995,2,1,4,2);
Insert into APBDOO.JOC (JOC_ID,NUME,IMAGINE,DESCRIERE,AN_PUBLICARE,JOC_CATEGORIE_ID,JOC_PRODUCATOR_ID,JOC_TIP_ID,JOC_NUMAR_JUCATORI_ID) values (2,'Jungle Speed','https://cf.geekdo-images.com/qEV2X3KVOEE_cNowLyIwkJaB-w8=/fit-in/246x300/pic736534.jpg','In Jungle Speed, you must rely on your keen sense of observation and quick reflexes. It requires a steady hand -- which can be hard to maintain during the many fits of maniacal laughter! The wooden Totem sits in the middle of the table, waiting for the player with the fastest reflexes to snatch it up and win the game.',1997,3,2,2,2);
Insert into APBDOO.JOC (JOC_ID,NUME,IMAGINE,DESCRIERE,AN_PUBLICARE,JOC_CATEGORIE_ID,JOC_PRODUCATOR_ID,JOC_TIP_ID,JOC_NUMAR_JUCATORI_ID) values (3,'Takenoko','https://cf.geekdo-images.com/DGncmXwZ0_s3BCzsUi9AXdX2Tdk=/fit-in/246x300/pic1912529.jpg','In Takenoko, the players will cultivate land plots, irrigate them, and grow one of the three species of bamboo (Green, Yellow, and Pink) with the help of the Imperial gardener to maintain this bamboo garden. They will have to bear with the immoderate hunger of this sacred animal for the juicy and tender bamboo. The player who manages his land plots best, growing the most bamboo while feeding the delicate appetite of the panda, will win the game.',2011,3,3,1,3);
Insert into APBDOO.JOC (JOC_ID,NUME,IMAGINE,DESCRIERE,AN_PUBLICARE,JOC_CATEGORIE_ID,JOC_PRODUCATOR_ID,JOC_TIP_ID,JOC_NUMAR_JUCATORI_ID) values (4,'Coup','https://cf.geekdo-images.com/iwjc_79Aqz3lMb6orn7XhDplgKc=/fit-in/246x300/pic2016054.jpg','You are head of a family in an Italian city-state, a city run by a weak and corrupt court. You need to manipulate, bluff and bribe your way to power. Your object is to destroy the influence of all the other families, forcing them into exile. Only one family will survive. In Coup, you want to be the last player with influence in the game, with influence being represented by face-down character cards in your playing area.',2012,2,4,2,4);
Insert into APBDOO.JOC (JOC_ID,NUME,IMAGINE,DESCRIERE,AN_PUBLICARE,JOC_CATEGORIE_ID,JOC_PRODUCATOR_ID,JOC_TIP_ID,JOC_NUMAR_JUCATORI_ID) values (5,'Love Letter','https://cf.geekdo-images.com/x7Xa_F99E1UJXXKp2_NQi-sgwEM=/fit-in/246x300/pic1401448.jpg','Love Letter is a game of risk, deduction, and luck for 2??4 players. Your goal is to get your love letter into Princess Annette''s hands while deflecting the letters from competing suitors. From a deck with only sixteen cards, each player starts with only one card in hand; one card is removed from play. On a turn, you draw one card, and play one card, trying to expose others and knock them from the game. Powerful cards lead to early gains, but make you a target.',2012,2,5,1,1);
Insert into APBDOO.JOC (JOC_ID,NUME,IMAGINE,DESCRIERE,AN_PUBLICARE,JOC_CATEGORIE_ID,JOC_PRODUCATOR_ID,JOC_TIP_ID,JOC_NUMAR_JUCATORI_ID) values (6,'King of Tokyo','https://cf.geekdo-images.com/wOXROwYuEDNoDY6LhhUPGETrSnM=/fit-in/246x300/pic3043734.jpg','In King of Tokyo, you play mutant monsters, gigantic robots, and strange aliensall of whom are destroying Tokyo and whacking each other in order to become King of Tokyo. At the start of each turn, you roll six dice, which show the following six symbols: 1, 2, or 3 Victory Points, Energy, Heal, and Attack. Over three successive throws, choose whether to keep or discard each die in order to win victory points, gain energy, restore health, or attack other players.',2011,4,6,1,1);
Insert into APBDOO.JOC (JOC_ID,NUME,IMAGINE,DESCRIERE,AN_PUBLICARE,JOC_CATEGORIE_ID,JOC_PRODUCATOR_ID,JOC_TIP_ID,JOC_NUMAR_JUCATORI_ID) values (7,'Saboteur','https://cf.geekdo-images.com/avcBn0vZBA1Ygfq4N2B0AmU6hgc=/fit-in/246x300/pic2602139.jpg','Players take on the role of dwarves. As miners, they are in a mine, hunting for gold. Suddenly, a pick axe swings down and shatters the mine lamp. The saboteur has struck. But which of the players are saboteurs? Will you find the gold, or will the fiendish actions of the saboteurs lead them to it first? After three rounds, the player with the most gold is the winner.',2004,2,7,1,2);
Insert into APBDOO.JOC (JOC_ID,NUME,IMAGINE,DESCRIERE,AN_PUBLICARE,JOC_CATEGORIE_ID,JOC_PRODUCATOR_ID,JOC_TIP_ID,JOC_NUMAR_JUCATORI_ID) values (8,'Love Letter','https://cf.geekdo-images.com/x7Xa_F99E1UJXXKp2_NQi-sgwEM=/fit-in/246x300/pic1401448.jpg','Love Letter is a game of risk, deduction, and luck for 24 players. Your goal is to get your love letter into Princess Annette''s hands while deflecting the letters from competing suitors. From a deck with only sixteen cards, each player starts with only one card in hand; one card is removed from play. On a turn, you draw one card, and play one card, trying to expose others and knock them from the game. Powerful cards lead to early gains, but make you a target.',2012,2,5,1,3);
Insert into APBDOO.JOC (JOC_ID,NUME,IMAGINE,DESCRIERE,AN_PUBLICARE,JOC_CATEGORIE_ID,JOC_PRODUCATOR_ID,JOC_TIP_ID,JOC_NUMAR_JUCATORI_ID) values (9,'Catan','https://cf.geekdo-images.com/aozRplCSOpRucLxSuClX2odEUBQ=/fit-in/246x300/pic2419375.jpg','In Catan (formerly The Settlers of Catan), players try to be the dominant force on the island of Catan by building settlements, cities, and roads. On each turn dice are rolled to determine what resources the island produces. Players collect these resources (cards)wood, grain, brick, sheep, or stoneto build up their civilizations to get to 10 victory points and win the game.',1995,1,1,1,3);
Insert into APBDOO.JOC (JOC_ID,NUME,IMAGINE,DESCRIERE,AN_PUBLICARE,JOC_CATEGORIE_ID,JOC_PRODUCATOR_ID,JOC_TIP_ID,JOC_NUMAR_JUCATORI_ID) values (10,'Catan','https://cf.geekdo-images.com/aozRplCSOpRucLxSuClX2odEUBQ=/fit-in/246x300/pic2419375.jpg','In Catan (formerly The Settlers of Catan), players try to be the dominant force on the island of Catan by building settlements, cities, and roads. On each turn dice are rolled to determine what resources the island produces. Players collect these resources (cards)wood, grain, brick, sheep, or stoneto build up their civilizations to get to 10 victory points and win the game.',1995,1,1,1,1);
Insert into APBDOO.JOC (JOC_ID,NUME,IMAGINE,DESCRIERE,AN_PUBLICARE,JOC_CATEGORIE_ID,JOC_PRODUCATOR_ID,JOC_TIP_ID,JOC_NUMAR_JUCATORI_ID) values (11,'Love Letter','https://cf.geekdo-images.com/x7Xa_F99E1UJXXKp2_NQi-sgwEM=/fit-in/246x300/pic1401448.jpg','Love Letter is a game of risk, deduction, and luck for 24 players. Your goal is to get your love letter into Princess Annette''s hands while deflecting the letters from competing suitors. From a deck with only sixteen cards, each player starts with only one card in hand; one card is removed from play. On a turn, you draw one card, and play one card, trying to expose others and knock them from the game. Powerful cards lead to early gains, but make you a target.',2012,2,5,1,1);
Insert into APBDOO.JOC (JOC_ID,NUME,IMAGINE,DESCRIERE,AN_PUBLICARE,JOC_CATEGORIE_ID,JOC_PRODUCATOR_ID,JOC_TIP_ID,JOC_NUMAR_JUCATORI_ID) values (12,'Coup II','https://cf.geekdo-images.com/iwjc_79Aqz3lMb6orn7XhDplgKc=/fit-in/246x300/pic2016054.jpg','You are head of a family in an Italian city-state, a city run by a weak and corrupt court. You need to manipulate, bluff and bribe your way to power. Your object is to destroy the influence of all the other families, forcing them into exile. Only one family will survive. In Coup, you want to be the last player with influence in the game, with influence being represented by face-down character cards in your playing area.',2012,2,4,2,2);
Insert into APBDOO.JOC (JOC_ID,NUME,IMAGINE,DESCRIERE,AN_PUBLICARE,JOC_CATEGORIE_ID,JOC_PRODUCATOR_ID,JOC_TIP_ID,JOC_NUMAR_JUCATORI_ID) values (13,'King of Tokyo','https://cf.geekdo-images.com/wOXROwYuEDNoDY6LhhUPGETrSnM=/fit-in/246x300/pic3043734.jpg','In King of Tokyo, you play mutant monsters, gigantic robots, and strange aliensall of whom are destroying Tokyo and whacking each other in order to become King of Tokyo. At the start of each turn, you roll six dice, which show the following six symbols: 1, 2, or 3 Victory Points, Energy, Heal, and Attack. Over three successive throws, choose whether to keep or discard each die in order to win victory points, gain energy, restore health, or attack other players.',2011,4,6,1,3);
Insert into APBDOO.JOC (JOC_ID,NUME,IMAGINE,DESCRIERE,AN_PUBLICARE,JOC_CATEGORIE_ID,JOC_PRODUCATOR_ID,JOC_TIP_ID,JOC_NUMAR_JUCATORI_ID) values (14,'Jungle Speed','https://cf.geekdo-images.com/qEV2X3KVOEE_cNowLyIwkJaB-w8=/fit-in/246x300/pic736534.jpg','In Jungle Speed, you must rely on your keen sense of observation and quick reflexes. It requires a steady hand -- which can be hard to maintain during the many fits of maniacal laughter! The wooden Totem sits in the middle of the table, waiting for the player with the fastest reflexes to snatch it up and win the game.',1997,2,2,2,3);
Insert into APBDOO.JOC (JOC_ID,NUME,IMAGINE,DESCRIERE,AN_PUBLICARE,JOC_CATEGORIE_ID,JOC_PRODUCATOR_ID,JOC_TIP_ID,JOC_NUMAR_JUCATORI_ID) values (15,'Takenoko','https://cf.geekdo-images.com/DGncmXwZ0_s3BCzsUi9AXdX2Tdk=/fit-in/246x300/pic1912529.jpg','In Takenoko, the players will cultivate land plots, irrigate them, and grow one of the three species of bamboo (Green, Yellow, and Pink) with the help of the Imperial gardener to maintain this bamboo garden. They will have to bear with the immoderate hunger of this sacred animal for the juicy and tender bamboo. The player who manages his land plots best, growing the most bamboo while feeding the delicate appetite of the panda, will win the game.',2011,3,3,1,4);
Insert into APBDOO.JOC (JOC_ID,NUME,IMAGINE,DESCRIERE,AN_PUBLICARE,JOC_CATEGORIE_ID,JOC_PRODUCATOR_ID,JOC_TIP_ID,JOC_NUMAR_JUCATORI_ID) values (16,'Love Letter','https://cf.geekdo-images.com/x7Xa_F99E1UJXXKp2_NQi-sgwEM=/fit-in/246x300/pic1401448.jpg','Love Letter is a game of risk, deduction, and luck for 24 players. Your goal is to get your love letter into Princess Annette''s hands while deflecting the letters from competing suitors. From a deck with only sixteen cards, each player starts with only one card in hand; one card is removed from play. On a turn, you draw one card, and play one card, trying to expose others and knock them from the game. Powerful cards lead to early gains, but make you a target.',2012,2,5,1,4);
Insert into APBDOO.JOC (JOC_ID,NUME,IMAGINE,DESCRIERE,AN_PUBLICARE,JOC_CATEGORIE_ID,JOC_PRODUCATOR_ID,JOC_TIP_ID,JOC_NUMAR_JUCATORI_ID) values (17,'King of Tokyo','https://cf.geekdo-images.com/wOXROwYuEDNoDY6LhhUPGETrSnM=/fit-in/246x300/pic3043734.jpg','In King of Tokyo, you play mutant monsters, gigantic robots, and strange aliensall of whom are destroying Tokyo and whacking each other in order to become King of Tokyo. At the start of each turn, you roll six dice, which show the following six symbols: 1, 2, or 3 Victory Points, Energy, Heal, and Attack. Over three successive throws, choose whether to keep or discard each die in order to win victory points, gain energy, restore health, or attack other players.',2011,4,6,1,1);
Insert into APBDOO.JOC (JOC_ID,NUME,IMAGINE,DESCRIERE,AN_PUBLICARE,JOC_CATEGORIE_ID,JOC_PRODUCATOR_ID,JOC_TIP_ID,JOC_NUMAR_JUCATORI_ID) values (18,'Love Letter','https://cf.geekdo-images.com/x7Xa_F99E1UJXXKp2_NQi-sgwEM=/fit-in/246x300/pic1401448.jpg','Love Letter is a game of risk, deduction, and luck for 24 players. Your goal is to get your love letter into Princess Annette''s hands while deflecting the letters from competing suitors. From a deck with only sixteen cards, each player starts with only one card in hand; one card is removed from play. On a turn, you draw one card, and play one card, trying to expose others and knock them from the game. Powerful cards lead to early gains, but make you a target.',2012,2,5,1,2);
Insert into APBDOO.JOC (JOC_ID,NUME,IMAGINE,DESCRIERE,AN_PUBLICARE,JOC_CATEGORIE_ID,JOC_PRODUCATOR_ID,JOC_TIP_ID,JOC_NUMAR_JUCATORI_ID) values (19,'Coup II','https://cf.geekdo-images.com/iwjc_79Aqz3lMb6orn7XhDplgKc=/fit-in/246x300/pic2016054.jpg','You are head of a family in an Italian city-state, a city run by a weak and corrupt court. You need to manipulate, bluff and bribe your way to power. Your object is to destroy the influence of all the other families, forcing them into exile. Only one family will survive. In Coup, you want to be the last player with influence in the game, with influence being represented by face-down character cards in your playing area.',2012,2,4,2,3);
Insert into APBDOO.JOC (JOC_ID,NUME,IMAGINE,DESCRIERE,AN_PUBLICARE,JOC_CATEGORIE_ID,JOC_PRODUCATOR_ID,JOC_TIP_ID,JOC_NUMAR_JUCATORI_ID) values (20,'Takenoko','https://cf.geekdo-images.com/DGncmXwZ0_s3BCzsUi9AXdX2Tdk=/fit-in/246x300/pic1912529.jpg','In Takenoko, the players will cultivate land plots, irrigate them, and grow one of the three species of bamboo (Green, Yellow, and Pink) with the help of the Imperial gardener to maintain this bamboo garden. They will have to bear with the immoderate hunger of this sacred animal for the juicy and tender bamboo. The player who manages his land plots best, growing the most bamboo while feeding the delicate appetite of the panda, will win the game.',2011,3,3,1,3);
Insert into APBDOO.JOC (JOC_ID,NUME,IMAGINE,DESCRIERE,AN_PUBLICARE,JOC_CATEGORIE_ID,JOC_PRODUCATOR_ID,JOC_TIP_ID,JOC_NUMAR_JUCATORI_ID) values (21,'Jungle Speed','https://cf.geekdo-images.com/qEV2X3KVOEE_cNowLyIwkJaB-w8=/fit-in/246x300/pic736534.jpg','In Jungle Speed, you must rely on your keen sense of observation and quick reflexes. It requires a steady hand -- which can be hard to maintain during the many fits of maniacal laughter! The wooden Totem sits in the middle of the table, waiting for the player with the fastest reflexes to snatch it up and win the game.',1997,2,2,2,3);
Insert into APBDOO.JOC (JOC_ID,NUME,IMAGINE,DESCRIERE,AN_PUBLICARE,JOC_CATEGORIE_ID,JOC_PRODUCATOR_ID,JOC_TIP_ID,JOC_NUMAR_JUCATORI_ID) values (22,'Love Letter','https://cf.geekdo-images.com/x7Xa_F99E1UJXXKp2_NQi-sgwEM=/fit-in/246x300/pic1401448.jpg','Love Letter is a game of risk, deduction, and luck for 24 players. Your goal is to get your love letter into Princess Annette''s hands while deflecting the letters from competing suitors. From a deck with only sixteen cards, each player starts with only one card in hand; one card is removed from play. On a turn, you draw one card, and play one card, trying to expose others and knock them from the game. Powerful cards lead to early gains, but make you a target.',2012,2,5,1,2);
Insert into APBDOO.JOC (JOC_ID,NUME,IMAGINE,DESCRIERE,AN_PUBLICARE,JOC_CATEGORIE_ID,JOC_PRODUCATOR_ID,JOC_TIP_ID,JOC_NUMAR_JUCATORI_ID) values (23,'Love Letter','https://cf.geekdo-images.com/x7Xa_F99E1UJXXKp2_NQi-sgwEM=/fit-in/246x300/pic1401448.jpg','Love Letter is a game of risk, deduction, and luck for 24 players. Your goal is to get your love letter into Princess Annette''s hands while deflecting the letters from competing suitors. From a deck with only sixteen cards, each player starts with only one card in hand; one card is removed from play. On a turn, you draw one card, and play one card, trying to expose others and knock them from the game. Powerful cards lead to early gains, but make you a target.',2012,2,5,1,2);
Insert into APBDOO.JOC (JOC_ID,NUME,IMAGINE,DESCRIERE,AN_PUBLICARE,JOC_CATEGORIE_ID,JOC_PRODUCATOR_ID,JOC_TIP_ID,JOC_NUMAR_JUCATORI_ID) values (24,'King of Tokyo','https://cf.geekdo-images.com/wOXROwYuEDNoDY6LhhUPGETrSnM=/fit-in/246x300/pic3043734.jpg','In King of Tokyo, you play mutant monsters, gigantic robots, and strange aliensall of whom are destroying Tokyo and whacking each other in order to become King of Tokyo. At the start of each turn, you roll six dice, which show the following six symbols: 1, 2, or 3 Victory Points, Energy, Heal, and Attack. Over three successive throws, choose whether to keep or discard each die in order to win victory points, gain energy, restore health, or attack other players.',2011,4,6,1,1);
Insert into APBDOO.JOC (JOC_ID,NUME,IMAGINE,DESCRIERE,AN_PUBLICARE,JOC_CATEGORIE_ID,JOC_PRODUCATOR_ID,JOC_TIP_ID,JOC_NUMAR_JUCATORI_ID) values (25,'Coup','https://cf.geekdo-images.com/iwjc_79Aqz3lMb6orn7XhDplgKc=/fit-in/246x300/pic2016054.jpg','You are head of a family in an Italian city-state, a city run by a weak and corrupt court. You need to manipulate, bluff and bribe your way to power. Your object is to destroy the influence of all the other families, forcing them into exile. Only one family will survive. In Coup, you want to be the last player with influence in the game, with influence being represented by face-down character cards in your playing area.',2012,2,4,2,1);
Insert into APBDOO.JOC (JOC_ID,NUME,IMAGINE,DESCRIERE,AN_PUBLICARE,JOC_CATEGORIE_ID,JOC_PRODUCATOR_ID,JOC_TIP_ID,JOC_NUMAR_JUCATORI_ID) values (26,'Jungle Speed','https://cf.geekdo-images.com/qEV2X3KVOEE_cNowLyIwkJaB-w8=/fit-in/246x300/pic736534.jpg','In Jungle Speed, you must rely on your keen sense of observation and quick reflexes. It requires a steady hand -- which can be hard to maintain during the many fits of maniacal laughter! The wooden Totem sits in the middle of the table, waiting for the player with the fastest reflexes to snatch it up and win the game.',1997,2,2,2,1);
REM INSERTING into APBDOO.JOC_CATEGORIE
SET DEFINE OFF;
Insert into APBDOO.JOC_CATEGORIE (JOC_CATEGORIE_ID,NUME,DESCRIERE) values (1,'Negotiation','Negotiation DESCRIERE');
Insert into APBDOO.JOC_CATEGORIE (JOC_CATEGORIE_ID,NUME,DESCRIERE) values (2,'Card Game','Card Game DESCRIERE.');
Insert into APBDOO.JOC_CATEGORIE (JOC_CATEGORIE_ID,NUME,DESCRIERE) values (3,'Territory Building','Territory Building DESCRIERE.');
Insert into APBDOO.JOC_CATEGORIE (JOC_CATEGORIE_ID,NUME,DESCRIERE) values (4,'Dice','Dice DESCRIERE.');
REM INSERTING into APBDOO.JOC_EVALUARE
SET DEFINE OFF;
Insert into APBDOO.JOC_EVALUARE (JOC_EVALUARE_ID,NOTA,CLIENT_ID,JOC_ID) values (1,4,1,1);
Insert into APBDOO.JOC_EVALUARE (JOC_EVALUARE_ID,NOTA,CLIENT_ID,JOC_ID) values (2,2,1,2);
Insert into APBDOO.JOC_EVALUARE (JOC_EVALUARE_ID,NOTA,CLIENT_ID,JOC_ID) values (3,3,1,3);
Insert into APBDOO.JOC_EVALUARE (JOC_EVALUARE_ID,NOTA,CLIENT_ID,JOC_ID) values (4,5,1,4);
Insert into APBDOO.JOC_EVALUARE (JOC_EVALUARE_ID,NOTA,CLIENT_ID,JOC_ID) values (5,4,2,1);
Insert into APBDOO.JOC_EVALUARE (JOC_EVALUARE_ID,NOTA,CLIENT_ID,JOC_ID) values (6,3,2,2);
Insert into APBDOO.JOC_EVALUARE (JOC_EVALUARE_ID,NOTA,CLIENT_ID,JOC_ID) values (7,5,3,10);
Insert into APBDOO.JOC_EVALUARE (JOC_EVALUARE_ID,NOTA,CLIENT_ID,JOC_ID) values (8,2,3,11);
Insert into APBDOO.JOC_EVALUARE (JOC_EVALUARE_ID,NOTA,CLIENT_ID,JOC_ID) values (9,3,3,15);
Insert into APBDOO.JOC_EVALUARE (JOC_EVALUARE_ID,NOTA,CLIENT_ID,JOC_ID) values (10,5,4,15);
Insert into APBDOO.JOC_EVALUARE (JOC_EVALUARE_ID,NOTA,CLIENT_ID,JOC_ID) values (11,4,4,16);
Insert into APBDOO.JOC_EVALUARE (JOC_EVALUARE_ID,NOTA,CLIENT_ID,JOC_ID) values (12,5,4,20);
REM INSERTING into APBDOO.JOC_MAGAZIN
SET DEFINE OFF;
Insert into APBDOO.JOC_MAGAZIN (JOC_ID,MAGAZIN_ID,CANTITATE,DISPONIBIL) values (1,3,10,1);
Insert into APBDOO.JOC_MAGAZIN (JOC_ID,MAGAZIN_ID,CANTITATE,DISPONIBIL) values (2,1,15,1);
Insert into APBDOO.JOC_MAGAZIN (JOC_ID,MAGAZIN_ID,CANTITATE,DISPONIBIL) values (3,2,3,0);
Insert into APBDOO.JOC_MAGAZIN (JOC_ID,MAGAZIN_ID,CANTITATE,DISPONIBIL) values (4,5,6,1);
Insert into APBDOO.JOC_MAGAZIN (JOC_ID,MAGAZIN_ID,CANTITATE,DISPONIBIL) values (5,4,7,1);
Insert into APBDOO.JOC_MAGAZIN (JOC_ID,MAGAZIN_ID,CANTITATE,DISPONIBIL) values (6,1,12,0);
Insert into APBDOO.JOC_MAGAZIN (JOC_ID,MAGAZIN_ID,CANTITATE,DISPONIBIL) values (7,3,20,1);
Insert into APBDOO.JOC_MAGAZIN (JOC_ID,MAGAZIN_ID,CANTITATE,DISPONIBIL) values (8,5,30,1);
Insert into APBDOO.JOC_MAGAZIN (JOC_ID,MAGAZIN_ID,CANTITATE,DISPONIBIL) values (9,2,15,1);
Insert into APBDOO.JOC_MAGAZIN (JOC_ID,MAGAZIN_ID,CANTITATE,DISPONIBIL) values (10,3,50,1);
Insert into APBDOO.JOC_MAGAZIN (JOC_ID,MAGAZIN_ID,CANTITATE,DISPONIBIL) values (11,1,10,1);
Insert into APBDOO.JOC_MAGAZIN (JOC_ID,MAGAZIN_ID,CANTITATE,DISPONIBIL) values (12,5,22,1);
Insert into APBDOO.JOC_MAGAZIN (JOC_ID,MAGAZIN_ID,CANTITATE,DISPONIBIL) values (13,2,23,0);
Insert into APBDOO.JOC_MAGAZIN (JOC_ID,MAGAZIN_ID,CANTITATE,DISPONIBIL) values (14,1,11,1);
Insert into APBDOO.JOC_MAGAZIN (JOC_ID,MAGAZIN_ID,CANTITATE,DISPONIBIL) values (15,5,12,1);
Insert into APBDOO.JOC_MAGAZIN (JOC_ID,MAGAZIN_ID,CANTITATE,DISPONIBIL) values (16,4,12,1);
Insert into APBDOO.JOC_MAGAZIN (JOC_ID,MAGAZIN_ID,CANTITATE,DISPONIBIL) values (17,2,2,1);
Insert into APBDOO.JOC_MAGAZIN (JOC_ID,MAGAZIN_ID,CANTITATE,DISPONIBIL) values (18,2,5,1);
Insert into APBDOO.JOC_MAGAZIN (JOC_ID,MAGAZIN_ID,CANTITATE,DISPONIBIL) values (19,1,3,0);
Insert into APBDOO.JOC_MAGAZIN (JOC_ID,MAGAZIN_ID,CANTITATE,DISPONIBIL) values (20,2,10,1);
Insert into APBDOO.JOC_MAGAZIN (JOC_ID,MAGAZIN_ID,CANTITATE,DISPONIBIL) values (21,3,10,1);
Insert into APBDOO.JOC_MAGAZIN (JOC_ID,MAGAZIN_ID,CANTITATE,DISPONIBIL) values (22,4,12,1);
Insert into APBDOO.JOC_MAGAZIN (JOC_ID,MAGAZIN_ID,CANTITATE,DISPONIBIL) values (23,5,30,0);
Insert into APBDOO.JOC_MAGAZIN (JOC_ID,MAGAZIN_ID,CANTITATE,DISPONIBIL) values (24,1,33,1);
Insert into APBDOO.JOC_MAGAZIN (JOC_ID,MAGAZIN_ID,CANTITATE,DISPONIBIL) values (25,2,15,1);
Insert into APBDOO.JOC_MAGAZIN (JOC_ID,MAGAZIN_ID,CANTITATE,DISPONIBIL) values (26,3,20,1);
Insert into APBDOO.JOC_MAGAZIN (JOC_ID,MAGAZIN_ID,CANTITATE,DISPONIBIL) values (27,4,12,0);
Insert into APBDOO.JOC_MAGAZIN (JOC_ID,MAGAZIN_ID,CANTITATE,DISPONIBIL) values (28,1,33,1);
Insert into APBDOO.JOC_MAGAZIN (JOC_ID,MAGAZIN_ID,CANTITATE,DISPONIBIL) values (29,5,21,1);
Insert into APBDOO.JOC_MAGAZIN (JOC_ID,MAGAZIN_ID,CANTITATE,DISPONIBIL) values (30,1,29,1);
REM INSERTING into APBDOO.JOC_NUMAR_JUCATORI
SET DEFINE OFF;
Insert into APBDOO.JOC_NUMAR_JUCATORI (JOC_NUMAR_JUCATORI_ID,VALOARE,DESCRIERE) values (1,'6','Maxim 8');
Insert into APBDOO.JOC_NUMAR_JUCATORI (JOC_NUMAR_JUCATORI_ID,VALOARE,DESCRIERE) values (2,'10','Maxim 14');
Insert into APBDOO.JOC_NUMAR_JUCATORI (JOC_NUMAR_JUCATORI_ID,VALOARE,DESCRIERE) values (3,'5','Fix 5 jucatori');
Insert into APBDOO.JOC_NUMAR_JUCATORI (JOC_NUMAR_JUCATORI_ID,VALOARE,DESCRIERE) values (4,'12','Fix 12 jucatori');
REM INSERTING into APBDOO.JOC_PRODUCATOR
SET DEFINE OFF;
Insert into APBDOO.JOC_PRODUCATOR (JOC_PRODUCATOR_ID,NUME,TARA) values (1,'KOSMOS','Bulgaria');
Insert into APBDOO.JOC_PRODUCATOR (JOC_PRODUCATOR_ID,NUME,TARA) values (2,'ADC Blackfire Entertainment','Romania');
Insert into APBDOO.JOC_PRODUCATOR (JOC_PRODUCATOR_ID,NUME,TARA) values (3,'Bombyx','Spania');
Insert into APBDOO.JOC_PRODUCATOR (JOC_PRODUCATOR_ID,NUME,TARA) values (4,'Indie Boards and Cards','India');
Insert into APBDOO.JOC_PRODUCATOR (JOC_PRODUCATOR_ID,NUME,TARA) values (5,'AEG','Polonia');
Insert into APBDOO.JOC_PRODUCATOR (JOC_PRODUCATOR_ID,NUME,TARA) values (6,'IELLO','Italia');
Insert into APBDOO.JOC_PRODUCATOR (JOC_PRODUCATOR_ID,NUME,TARA) values (7,'Asmodee','Grecia');
REM INSERTING into APBDOO.JOC_TIP
SET DEFINE OFF;
Insert into APBDOO.JOC_TIP (JOC_TIP_ID,NUME,DESCRIERE) values (1,'Family','Family board games. Fun time');
Insert into APBDOO.JOC_TIP (JOC_TIP_ID,NUME,DESCRIERE) values (2,'Party','Party game. Fun nights.');
Insert into APBDOO.JOC_TIP (JOC_TIP_ID,NUME,DESCRIERE) values (3,'Customizable','Impressive selection of scattergories game.');
Insert into APBDOO.JOC_TIP (JOC_TIP_ID,NUME,DESCRIERE) values (4,'Strategy','Strategy games by SSI.');
Insert into APBDOO.JOC_TIP (JOC_TIP_ID,NUME,DESCRIERE) values (5,'Abstract','Perfect for birthday or holiday celebrations.');
REM INSERTING into APBDOO.MAGAZIN
SET DEFINE OFF;
Insert into APBDOO.MAGAZIN (MAGAZIN_ID,NUME,ADRESA_ID) values (1,'Red Goblin',1);
Insert into APBDOO.MAGAZIN (MAGAZIN_ID,NUME,ADRESA_ID) values (2,'GameStop',2);
Insert into APBDOO.MAGAZIN (MAGAZIN_ID,NUME,ADRESA_ID) values (3,'Taraba de Jocuri',3);
Insert into APBDOO.MAGAZIN (MAGAZIN_ID,NUME,ADRESA_ID) values (4,'Creative Board Gaming',4);
Insert into APBDOO.MAGAZIN (MAGAZIN_ID,NUME,ADRESA_ID) values (5,'Ceainaria Tabiet',5);
REM INSERTING into APBDOO.MAGAZIN_DEPARTAMENT
SET DEFINE OFF;
Insert into APBDOO.MAGAZIN_DEPARTAMENT (MAGAZIN_DEPARTAMENT_ID,NUME,MAGAZIN_ID) values (1,'Marketing',2);
Insert into APBDOO.MAGAZIN_DEPARTAMENT (MAGAZIN_DEPARTAMENT_ID,NUME,MAGAZIN_ID) values (2,'Marketing',1);
Insert into APBDOO.MAGAZIN_DEPARTAMENT (MAGAZIN_DEPARTAMENT_ID,NUME,MAGAZIN_ID) values (3,'Human Resources',3);
Insert into APBDOO.MAGAZIN_DEPARTAMENT (MAGAZIN_DEPARTAMENT_ID,NUME,MAGAZIN_ID) values (4,'Accounting',4);
Insert into APBDOO.MAGAZIN_DEPARTAMENT (MAGAZIN_DEPARTAMENT_ID,NUME,MAGAZIN_ID) values (5,'Sales',1);
Insert into APBDOO.MAGAZIN_DEPARTAMENT (MAGAZIN_DEPARTAMENT_ID,NUME,MAGAZIN_ID) values (6,'Purchasing',5);
Insert into APBDOO.MAGAZIN_DEPARTAMENT (MAGAZIN_DEPARTAMENT_ID,NUME,MAGAZIN_ID) values (7,'Sales',5);
Insert into APBDOO.MAGAZIN_DEPARTAMENT (MAGAZIN_DEPARTAMENT_ID,NUME,MAGAZIN_ID) values (8,'Human Resources',3);
Insert into APBDOO.MAGAZIN_DEPARTAMENT (MAGAZIN_DEPARTAMENT_ID,NUME,MAGAZIN_ID) values (9,'Research',1);
Insert into APBDOO.MAGAZIN_DEPARTAMENT (MAGAZIN_DEPARTAMENT_ID,NUME,MAGAZIN_ID) values (10,'Purchasing',4);
REM INSERTING into APBDOO.MAGAZIN_EVENIMENT
SET DEFINE OFF;
Insert into APBDOO.MAGAZIN_EVENIMENT (MAGAZIN_EVENIMENT_ID,NUME,DESCRIERE,DATA_EVENIMENT,MAGAZIN_ID,JOC_ID) values (1,'drive out-of-the-box communities','Nulla facilisi. Cras non velit nec nisi vulputate nonummy.',to_date('12-SEP-16','DD-MON-RR'),1,20);
Insert into APBDOO.MAGAZIN_EVENIMENT (MAGAZIN_EVENIMENT_ID,NUME,DESCRIERE,DATA_EVENIMENT,MAGAZIN_ID,JOC_ID) values (2,'unleash impactful e-commerce','Morbi sem mauris, laoreet ut, rhoncus aliquet, pulvinar sed, nisl. Nunc rhoncus dui vel sem.',to_date('18-NOV-15','DD-MON-RR'),5,21);
Insert into APBDOO.MAGAZIN_EVENIMENT (MAGAZIN_EVENIMENT_ID,NUME,DESCRIERE,DATA_EVENIMENT,MAGAZIN_ID,JOC_ID) values (3,'aggregate frictionless eyeballs','Nam ultrices, libero non mattis pulvinar, nulla pede ullamcorper augue, a suscipit nulla elit ac nulla. Sed vel enim sit amet nunc viverra dapibus.',to_date('13-DEC-15','DD-MON-RR'),2,22);
Insert into APBDOO.MAGAZIN_EVENIMENT (MAGAZIN_EVENIMENT_ID,NUME,DESCRIERE,DATA_EVENIMENT,MAGAZIN_ID,JOC_ID) values (4,'drive B2C infomediaries','Donec semper sapien a libero. Nam dui. Proin leo odio, porttitor id, consequat in, consequat ut, nulla.',to_date('02-SEP-16','DD-MON-RR'),2,23);
Insert into APBDOO.MAGAZIN_EVENIMENT (MAGAZIN_EVENIMENT_ID,NUME,DESCRIERE,DATA_EVENIMENT,MAGAZIN_ID,JOC_ID) values (5,'scale synergistic technologies','Nam dui. Proin leo odio, porttitor id, consequat in, consequat ut, nulla. Sed accumsan felis.',to_date('04-OCT-16','DD-MON-RR'),4,24);
Insert into APBDOO.MAGAZIN_EVENIMENT (MAGAZIN_EVENIMENT_ID,NUME,DESCRIERE,DATA_EVENIMENT,MAGAZIN_ID,JOC_ID) values (6,'reintermediate collaborative e-markets','Donec quis orci eget orci vehicula condimentum. Curabitur in libero ut massa volutpat convallis.',to_date('18-MAR-16','DD-MON-RR'),4,25);
Insert into APBDOO.MAGAZIN_EVENIMENT (MAGAZIN_EVENIMENT_ID,NUME,DESCRIERE,DATA_EVENIMENT,MAGAZIN_ID,JOC_ID) values (7,'synergize user-centric niches','Proin leo odio, porttitor id, consequat in, consequat ut, nulla. Sed accumsan felis. Ut at dolor quis odio consequat varius.',to_date('04-FEB-16','DD-MON-RR'),1,26);
Insert into APBDOO.MAGAZIN_EVENIMENT (MAGAZIN_EVENIMENT_ID,NUME,DESCRIERE,DATA_EVENIMENT,MAGAZIN_ID,JOC_ID) values (8,'deploy distributed infrastructures','Curabitur at ipsum ac tellus semper interdum. Mauris ullamcorper purus sit amet nulla.',to_date('09-JUL-16','DD-MON-RR'),4,27);
Insert into APBDOO.MAGAZIN_EVENIMENT (MAGAZIN_EVENIMENT_ID,NUME,DESCRIERE,DATA_EVENIMENT,MAGAZIN_ID,JOC_ID) values (9,'optimize global systems','Integer pede justo, lacinia eget, tincidunt eget, tempus vel, pede. Morbi porttitor lorem id ligula. Suspendisse ornare consequat lectus.',to_date('18-JUN-16','DD-MON-RR'),3,28);
Insert into APBDOO.MAGAZIN_EVENIMENT (MAGAZIN_EVENIMENT_ID,NUME,DESCRIERE,DATA_EVENIMENT,MAGAZIN_ID,JOC_ID) values (10,'leverage interactive architectures','Aenean auctor gravida sem. Praesent id massa id nisl venenatis lacinia.',to_date('24-AUG-16','DD-MON-RR'),3,30);
Insert into APBDOO.MAGAZIN_EVENIMENT (MAGAZIN_EVENIMENT_ID,NUME,DESCRIERE,DATA_EVENIMENT,MAGAZIN_ID,JOC_ID) values (11,'implement killer functionalities','Etiam faucibus cursus urna. Ut tellus.',to_date('05-FEB-16','DD-MON-RR'),4,31);
Insert into APBDOO.MAGAZIN_EVENIMENT (MAGAZIN_EVENIMENT_ID,NUME,DESCRIERE,DATA_EVENIMENT,MAGAZIN_ID,JOC_ID) values (12,'target revolutionary channels','Nulla ac enim.',to_date('26-OCT-16','DD-MON-RR'),2,33);
Insert into APBDOO.MAGAZIN_EVENIMENT (MAGAZIN_EVENIMENT_ID,NUME,DESCRIERE,DATA_EVENIMENT,MAGAZIN_ID,JOC_ID) values (13,'e-enable distributed partnerships','Pellentesque at nulla. Suspendisse potenti. Cras in purus eu magna vulputate luctus.',to_date('03-DEC-15','DD-MON-RR'),3,35);
Insert into APBDOO.MAGAZIN_EVENIMENT (MAGAZIN_EVENIMENT_ID,NUME,DESCRIERE,DATA_EVENIMENT,MAGAZIN_ID,JOC_ID) values (14,'exploit revolutionary markets','Curabitur in libero ut massa volutpat convallis. Morbi odio odio, elementum eu, interdum eu, tincidunt in, leo.',to_date('07-SEP-16','DD-MON-RR'),2,26);
Insert into APBDOO.MAGAZIN_EVENIMENT (MAGAZIN_EVENIMENT_ID,NUME,DESCRIERE,DATA_EVENIMENT,MAGAZIN_ID,JOC_ID) values (15,'drive vertical initiatives','Morbi vel lectus in quam fringilla rhoncus. Mauris enim leo, rhoncus sed, vestibulum sit amet, cursus id, turpis. Integer aliquet, massa id lobortis convallis, tortor risus dapibus augue, vel accumsan tellus nisi eu orci.',to_date('07-AUG-16','DD-MON-RR'),3,37);
Insert into APBDOO.MAGAZIN_EVENIMENT (MAGAZIN_EVENIMENT_ID,NUME,DESCRIERE,DATA_EVENIMENT,MAGAZIN_ID,JOC_ID) values (16,'transform intuitive communities','Morbi non lectus. Aliquam sit amet diam in magna bibendum imperdiet. Nullam orci pede, venenatis non, sodales sed, tincidunt eu, felis.',to_date('11-SEP-16','DD-MON-RR'),3,40);
Insert into APBDOO.MAGAZIN_EVENIMENT (MAGAZIN_EVENIMENT_ID,NUME,DESCRIERE,DATA_EVENIMENT,MAGAZIN_ID,JOC_ID) values (17,'morph collaborative e-markets','Cras pellentesque volutpat dui.',to_date('20-JUN-16','DD-MON-RR'),3,20);
Insert into APBDOO.MAGAZIN_EVENIMENT (MAGAZIN_EVENIMENT_ID,NUME,DESCRIERE,DATA_EVENIMENT,MAGAZIN_ID,JOC_ID) values (18,'envisioneer 24/7 vortals','Nam nulla. Integer pede justo, lacinia eget, tincidunt eget, tempus vel, pede. Morbi porttitor lorem id ligula.',to_date('02-AUG-16','DD-MON-RR'),2,22);
Insert into APBDOO.MAGAZIN_EVENIMENT (MAGAZIN_EVENIMENT_ID,NUME,DESCRIERE,DATA_EVENIMENT,MAGAZIN_ID,JOC_ID) values (19,'embrace vertical paradigms','Proin eu mi. Nulla ac enim. In tempor, turpis nec euismod scelerisque, quam turpis adipiscing lorem, vitae mattis nibh ligula nec sem.',to_date('28-FEB-16','DD-MON-RR'),2,25);
Insert into APBDOO.MAGAZIN_EVENIMENT (MAGAZIN_EVENIMENT_ID,NUME,DESCRIERE,DATA_EVENIMENT,MAGAZIN_ID,JOC_ID) values (20,'evolve 24/365 web-readiness','In blandit ultrices enim.',to_date('09-AUG-16','DD-MON-RR'),2,39);
REM INSERTING into APBDOO.UTILIZATOR
SET DEFINE OFF;
Insert into APBDOO.UTILIZATOR (UTILIZATOR_ID,NUME,USERNAME,PAROLA) values (1,'Ciprian','cip','cip');
Insert into APBDOO.UTILIZATOR (UTILIZATOR_ID,NUME,USERNAME,PAROLA) values (2,'Matei','mat','mat');
Insert into APBDOO.UTILIZATOR (UTILIZATOR_ID,NUME,USERNAME,PAROLA) values (3,'Test','t','t');
--------------------------------------------------------
--  DDL for Index JOC_PRODUCATOR_NUME
--------------------------------------------------------

  CREATE UNIQUE INDEX "APBDOO"."JOC_PRODUCATOR_NUME" ON "APBDOO"."JOC_PRODUCATOR" ("NUME") 
  PCTFREE 10 INITRANS 2 MAXTRANS 255 COMPUTE STATISTICS 
  STORAGE(INITIAL 65536 NEXT 1048576 MINEXTENTS 1 MAXEXTENTS 2147483645
  PCTINCREASE 0 FREELISTS 1 FREELIST GROUPS 1 BUFFER_POOL DEFAULT FLASH_CACHE DEFAULT CELL_FLASH_CACHE DEFAULT)
  TABLESPACE "USERS" ;
--------------------------------------------------------
--  DDL for Index JOC_NUMAR_JUCATORI_VALOARE
--------------------------------------------------------

  CREATE UNIQUE INDEX "APBDOO"."JOC_NUMAR_JUCATORI_VALOARE" ON "APBDOO"."JOC_NUMAR_JUCATORI" ("VALOARE") 
  PCTFREE 10 INITRANS 2 MAXTRANS 255 COMPUTE STATISTICS 
  STORAGE(INITIAL 65536 NEXT 1048576 MINEXTENTS 1 MAXEXTENTS 2147483645
  PCTINCREASE 0 FREELISTS 1 FREELIST GROUPS 1 BUFFER_POOL DEFAULT FLASH_CACHE DEFAULT CELL_FLASH_CACHE DEFAULT)
  TABLESPACE "USERS" ;
--------------------------------------------------------
--  DDL for Index JOC_CATEGORIE_NUME
--------------------------------------------------------

  CREATE UNIQUE INDEX "APBDOO"."JOC_CATEGORIE_NUME" ON "APBDOO"."JOC_CATEGORIE" ("NUME") 
  PCTFREE 10 INITRANS 2 MAXTRANS 255 COMPUTE STATISTICS 
  STORAGE(INITIAL 65536 NEXT 1048576 MINEXTENTS 1 MAXEXTENTS 2147483645
  PCTINCREASE 0 FREELISTS 1 FREELIST GROUPS 1 BUFFER_POOL DEFAULT FLASH_CACHE DEFAULT CELL_FLASH_CACHE DEFAULT)
  TABLESPACE "USERS" ;
--------------------------------------------------------
--  DDL for Index JOC_TIP_NUME
--------------------------------------------------------

  CREATE UNIQUE INDEX "APBDOO"."JOC_TIP_NUME" ON "APBDOO"."JOC_TIP" ("NUME") 
  PCTFREE 10 INITRANS 2 MAXTRANS 255 COMPUTE STATISTICS 
  STORAGE(INITIAL 65536 NEXT 1048576 MINEXTENTS 1 MAXEXTENTS 2147483645
  PCTINCREASE 0 FREELISTS 1 FREELIST GROUPS 1 BUFFER_POOL DEFAULT FLASH_CACHE DEFAULT CELL_FLASH_CACHE DEFAULT)
  TABLESPACE "USERS" ;
--------------------------------------------------------
--  DDL for Index CONTRANGERE_NUME_UNIC
--------------------------------------------------------

  CREATE UNIQUE INDEX "APBDOO"."CONTRANGERE_NUME_UNIC" ON "APBDOO"."UTILIZATOR" ("USERNAME") 
  PCTFREE 10 INITRANS 2 MAXTRANS 255 COMPUTE STATISTICS 
  STORAGE(INITIAL 65536 NEXT 1048576 MINEXTENTS 1 MAXEXTENTS 2147483645
  PCTINCREASE 0 FREELISTS 1 FREELIST GROUPS 1 BUFFER_POOL DEFAULT FLASH_CACHE DEFAULT CELL_FLASH_CACHE DEFAULT)
  TABLESPACE "USERS" ;
--------------------------------------------------------
--  Constraints for Table JOC_CATEGORIE
--------------------------------------------------------

  ALTER TABLE "APBDOO"."JOC_CATEGORIE" ADD CONSTRAINT "JOC_CATEGORIE_NUME" UNIQUE ("NUME")
  USING INDEX PCTFREE 10 INITRANS 2 MAXTRANS 255 COMPUTE STATISTICS 
  STORAGE(INITIAL 65536 NEXT 1048576 MINEXTENTS 1 MAXEXTENTS 2147483645
  PCTINCREASE 0 FREELISTS 1 FREELIST GROUPS 1 BUFFER_POOL DEFAULT FLASH_CACHE DEFAULT CELL_FLASH_CACHE DEFAULT)
  TABLESPACE "USERS"  ENABLE;
  ALTER TABLE "APBDOO"."JOC_CATEGORIE" ADD PRIMARY KEY ("JOC_CATEGORIE_ID")
  USING INDEX PCTFREE 10 INITRANS 2 MAXTRANS 255 COMPUTE STATISTICS 
  STORAGE(INITIAL 65536 NEXT 1048576 MINEXTENTS 1 MAXEXTENTS 2147483645
  PCTINCREASE 0 FREELISTS 1 FREELIST GROUPS 1 BUFFER_POOL DEFAULT FLASH_CACHE DEFAULT CELL_FLASH_CACHE DEFAULT)
  TABLESPACE "USERS"  ENABLE;
  ALTER TABLE "APBDOO"."JOC_CATEGORIE" MODIFY ("DESCRIERE" NOT NULL ENABLE);
  ALTER TABLE "APBDOO"."JOC_CATEGORIE" MODIFY ("NUME" NOT NULL ENABLE);
  ALTER TABLE "APBDOO"."JOC_CATEGORIE" MODIFY ("JOC_CATEGORIE_ID" NOT NULL ENABLE);
--------------------------------------------------------
--  Constraints for Table ANGAJAT_CONTRACT
--------------------------------------------------------

  ALTER TABLE "APBDOO"."ANGAJAT_CONTRACT" ADD PRIMARY KEY ("ANGAJAT_CONTRACT_ID")
  USING INDEX PCTFREE 10 INITRANS 2 MAXTRANS 255 COMPUTE STATISTICS 
  STORAGE(INITIAL 65536 NEXT 1048576 MINEXTENTS 1 MAXEXTENTS 2147483645
  PCTINCREASE 0 FREELISTS 1 FREELIST GROUPS 1 BUFFER_POOL DEFAULT FLASH_CACHE DEFAULT CELL_FLASH_CACHE DEFAULT)
  TABLESPACE "USERS"  ENABLE;
  ALTER TABLE "APBDOO"."ANGAJAT_CONTRACT" MODIFY ("ANGAJAT_NIVEL_SALARIAL_ID" NOT NULL ENABLE);
  ALTER TABLE "APBDOO"."ANGAJAT_CONTRACT" MODIFY ("DATA_INCEPUT" NOT NULL ENABLE);
  ALTER TABLE "APBDOO"."ANGAJAT_CONTRACT" MODIFY ("ANGAJAT_CONTRACT_ID" NOT NULL ENABLE);
--------------------------------------------------------
--  Constraints for Table ANGAJAT_NIVEL_SALARIAL
--------------------------------------------------------

  ALTER TABLE "APBDOO"."ANGAJAT_NIVEL_SALARIAL" ADD PRIMARY KEY ("ANGAJAT_NIVEL_SALARIAL_ID")
  USING INDEX PCTFREE 10 INITRANS 2 MAXTRANS 255 COMPUTE STATISTICS 
  STORAGE(INITIAL 65536 NEXT 1048576 MINEXTENTS 1 MAXEXTENTS 2147483645
  PCTINCREASE 0 FREELISTS 1 FREELIST GROUPS 1 BUFFER_POOL DEFAULT FLASH_CACHE DEFAULT CELL_FLASH_CACHE DEFAULT)
  TABLESPACE "USERS"  ENABLE;
  ALTER TABLE "APBDOO"."ANGAJAT_NIVEL_SALARIAL" MODIFY ("VALOARE" NOT NULL ENABLE);
  ALTER TABLE "APBDOO"."ANGAJAT_NIVEL_SALARIAL" MODIFY ("ANGAJAT_NIVEL_SALARIAL_ID" NOT NULL ENABLE);
--------------------------------------------------------
--  Constraints for Table JOC_MAGAZIN
--------------------------------------------------------

  ALTER TABLE "APBDOO"."JOC_MAGAZIN" ADD PRIMARY KEY ("JOC_ID", "MAGAZIN_ID")
  USING INDEX PCTFREE 10 INITRANS 2 MAXTRANS 255 COMPUTE STATISTICS 
  STORAGE(INITIAL 65536 NEXT 1048576 MINEXTENTS 1 MAXEXTENTS 2147483645
  PCTINCREASE 0 FREELISTS 1 FREELIST GROUPS 1 BUFFER_POOL DEFAULT FLASH_CACHE DEFAULT CELL_FLASH_CACHE DEFAULT)
  TABLESPACE "USERS"  ENABLE;
  ALTER TABLE "APBDOO"."JOC_MAGAZIN" MODIFY ("DISPONIBIL" NOT NULL ENABLE);
  ALTER TABLE "APBDOO"."JOC_MAGAZIN" MODIFY ("CANTITATE" NOT NULL ENABLE);
  ALTER TABLE "APBDOO"."JOC_MAGAZIN" MODIFY ("MAGAZIN_ID" NOT NULL ENABLE);
  ALTER TABLE "APBDOO"."JOC_MAGAZIN" MODIFY ("JOC_ID" NOT NULL ENABLE);
--------------------------------------------------------
--  Constraints for Table JOC_NUMAR_JUCATORI
--------------------------------------------------------

  ALTER TABLE "APBDOO"."JOC_NUMAR_JUCATORI" ADD CONSTRAINT "JOC_NUMAR_JUCATORI_VALOARE" UNIQUE ("VALOARE")
  USING INDEX PCTFREE 10 INITRANS 2 MAXTRANS 255 COMPUTE STATISTICS 
  STORAGE(INITIAL 65536 NEXT 1048576 MINEXTENTS 1 MAXEXTENTS 2147483645
  PCTINCREASE 0 FREELISTS 1 FREELIST GROUPS 1 BUFFER_POOL DEFAULT FLASH_CACHE DEFAULT CELL_FLASH_CACHE DEFAULT)
  TABLESPACE "USERS"  ENABLE;
  ALTER TABLE "APBDOO"."JOC_NUMAR_JUCATORI" ADD PRIMARY KEY ("JOC_NUMAR_JUCATORI_ID")
  USING INDEX PCTFREE 10 INITRANS 2 MAXTRANS 255 COMPUTE STATISTICS 
  STORAGE(INITIAL 65536 NEXT 1048576 MINEXTENTS 1 MAXEXTENTS 2147483645
  PCTINCREASE 0 FREELISTS 1 FREELIST GROUPS 1 BUFFER_POOL DEFAULT FLASH_CACHE DEFAULT CELL_FLASH_CACHE DEFAULT)
  TABLESPACE "USERS"  ENABLE;
  ALTER TABLE "APBDOO"."JOC_NUMAR_JUCATORI" MODIFY ("DESCRIERE" NOT NULL ENABLE);
  ALTER TABLE "APBDOO"."JOC_NUMAR_JUCATORI" MODIFY ("VALOARE" NOT NULL ENABLE);
  ALTER TABLE "APBDOO"."JOC_NUMAR_JUCATORI" MODIFY ("JOC_NUMAR_JUCATORI_ID" NOT NULL ENABLE);
--------------------------------------------------------
--  Constraints for Table JOC_EVALUARE
--------------------------------------------------------

  ALTER TABLE "APBDOO"."JOC_EVALUARE" ADD PRIMARY KEY ("JOC_EVALUARE_ID")
  USING INDEX PCTFREE 10 INITRANS 2 MAXTRANS 255 COMPUTE STATISTICS 
  STORAGE(INITIAL 65536 NEXT 1048576 MINEXTENTS 1 MAXEXTENTS 2147483645
  PCTINCREASE 0 FREELISTS 1 FREELIST GROUPS 1 BUFFER_POOL DEFAULT FLASH_CACHE DEFAULT CELL_FLASH_CACHE DEFAULT)
  TABLESPACE "USERS"  ENABLE;
  ALTER TABLE "APBDOO"."JOC_EVALUARE" MODIFY ("JOC_ID" NOT NULL ENABLE);
  ALTER TABLE "APBDOO"."JOC_EVALUARE" MODIFY ("CLIENT_ID" NOT NULL ENABLE);
  ALTER TABLE "APBDOO"."JOC_EVALUARE" MODIFY ("NOTA" NOT NULL ENABLE);
  ALTER TABLE "APBDOO"."JOC_EVALUARE" MODIFY ("JOC_EVALUARE_ID" NOT NULL ENABLE);
--------------------------------------------------------
--  Constraints for Table CLIENT
--------------------------------------------------------

  ALTER TABLE "APBDOO"."CLIENT" ADD PRIMARY KEY ("CLIENT_ID")
  USING INDEX PCTFREE 10 INITRANS 2 MAXTRANS 255 COMPUTE STATISTICS 
  STORAGE(INITIAL 65536 NEXT 1048576 MINEXTENTS 1 MAXEXTENTS 2147483645
  PCTINCREASE 0 FREELISTS 1 FREELIST GROUPS 1 BUFFER_POOL DEFAULT FLASH_CACHE DEFAULT CELL_FLASH_CACHE DEFAULT)
  TABLESPACE "USERS"  ENABLE;
  ALTER TABLE "APBDOO"."CLIENT" MODIFY ("ADRESA" NOT NULL ENABLE);
  ALTER TABLE "APBDOO"."CLIENT" MODIFY ("EMAIL" NOT NULL ENABLE);
  ALTER TABLE "APBDOO"."CLIENT" MODIFY ("TELEFON" NOT NULL ENABLE);
  ALTER TABLE "APBDOO"."CLIENT" MODIFY ("NUME" NOT NULL ENABLE);
  ALTER TABLE "APBDOO"."CLIENT" MODIFY ("CLIENT_ID" NOT NULL ENABLE);
--------------------------------------------------------
--  Constraints for Table JOC
--------------------------------------------------------

  ALTER TABLE "APBDOO"."JOC" ADD PRIMARY KEY ("JOC_ID")
  USING INDEX PCTFREE 10 INITRANS 2 MAXTRANS 255 COMPUTE STATISTICS 
  STORAGE(INITIAL 65536 NEXT 1048576 MINEXTENTS 1 MAXEXTENTS 2147483645
  PCTINCREASE 0 FREELISTS 1 FREELIST GROUPS 1 BUFFER_POOL DEFAULT FLASH_CACHE DEFAULT CELL_FLASH_CACHE DEFAULT)
  TABLESPACE "USERS"  ENABLE;
  ALTER TABLE "APBDOO"."JOC" MODIFY ("JOC_NUMAR_JUCATORI_ID" NOT NULL ENABLE);
  ALTER TABLE "APBDOO"."JOC" MODIFY ("JOC_TIP_ID" NOT NULL ENABLE);
  ALTER TABLE "APBDOO"."JOC" MODIFY ("JOC_PRODUCATOR_ID" NOT NULL ENABLE);
  ALTER TABLE "APBDOO"."JOC" MODIFY ("JOC_CATEGORIE_ID" NOT NULL ENABLE);
  ALTER TABLE "APBDOO"."JOC" MODIFY ("AN_PUBLICARE" NOT NULL ENABLE);
  ALTER TABLE "APBDOO"."JOC" MODIFY ("DESCRIERE" NOT NULL ENABLE);
  ALTER TABLE "APBDOO"."JOC" MODIFY ("IMAGINE" NOT NULL ENABLE);
  ALTER TABLE "APBDOO"."JOC" MODIFY ("NUME" NOT NULL ENABLE);
  ALTER TABLE "APBDOO"."JOC" MODIFY ("JOC_ID" NOT NULL ENABLE);
--------------------------------------------------------
--  Constraints for Table JOC_TIP
--------------------------------------------------------

  ALTER TABLE "APBDOO"."JOC_TIP" ADD CONSTRAINT "JOC_TIP_NUME" UNIQUE ("NUME")
  USING INDEX PCTFREE 10 INITRANS 2 MAXTRANS 255 COMPUTE STATISTICS 
  STORAGE(INITIAL 65536 NEXT 1048576 MINEXTENTS 1 MAXEXTENTS 2147483645
  PCTINCREASE 0 FREELISTS 1 FREELIST GROUPS 1 BUFFER_POOL DEFAULT FLASH_CACHE DEFAULT CELL_FLASH_CACHE DEFAULT)
  TABLESPACE "USERS"  ENABLE;
  ALTER TABLE "APBDOO"."JOC_TIP" ADD PRIMARY KEY ("JOC_TIP_ID")
  USING INDEX PCTFREE 10 INITRANS 2 MAXTRANS 255 COMPUTE STATISTICS 
  STORAGE(INITIAL 65536 NEXT 1048576 MINEXTENTS 1 MAXEXTENTS 2147483645
  PCTINCREASE 0 FREELISTS 1 FREELIST GROUPS 1 BUFFER_POOL DEFAULT FLASH_CACHE DEFAULT CELL_FLASH_CACHE DEFAULT)
  TABLESPACE "USERS"  ENABLE;
  ALTER TABLE "APBDOO"."JOC_TIP" MODIFY ("DESCRIERE" NOT NULL ENABLE);
  ALTER TABLE "APBDOO"."JOC_TIP" MODIFY ("NUME" NOT NULL ENABLE);
  ALTER TABLE "APBDOO"."JOC_TIP" MODIFY ("JOC_TIP_ID" NOT NULL ENABLE);
--------------------------------------------------------
--  Constraints for Table IMPRUMUT_JOC
--------------------------------------------------------

  ALTER TABLE "APBDOO"."IMPRUMUT_JOC" ADD PRIMARY KEY ("IMPRUMUT_JOC_ID")
  USING INDEX PCTFREE 10 INITRANS 2 MAXTRANS 255 COMPUTE STATISTICS 
  STORAGE(INITIAL 65536 NEXT 1048576 MINEXTENTS 1 MAXEXTENTS 2147483645
  PCTINCREASE 0 FREELISTS 1 FREELIST GROUPS 1 BUFFER_POOL DEFAULT FLASH_CACHE DEFAULT CELL_FLASH_CACHE DEFAULT)
  TABLESPACE "USERS"  ENABLE;
  ALTER TABLE "APBDOO"."IMPRUMUT_JOC" MODIFY ("FACTURA_CLIENT_ID" NOT NULL ENABLE);
  ALTER TABLE "APBDOO"."IMPRUMUT_JOC" MODIFY ("MAGAZIN_ID" NOT NULL ENABLE);
  ALTER TABLE "APBDOO"."IMPRUMUT_JOC" MODIFY ("JOC_ID" NOT NULL ENABLE);
  ALTER TABLE "APBDOO"."IMPRUMUT_JOC" MODIFY ("IMPRUMUT_JOC_ID" NOT NULL ENABLE);
--------------------------------------------------------
--  Constraints for Table FACTURA_CLIENT
--------------------------------------------------------

  ALTER TABLE "APBDOO"."FACTURA_CLIENT" ADD PRIMARY KEY ("FACTURA_CLIENT_ID")
  USING INDEX PCTFREE 10 INITRANS 2 MAXTRANS 255 COMPUTE STATISTICS 
  STORAGE(INITIAL 65536 NEXT 1048576 MINEXTENTS 1 MAXEXTENTS 2147483645
  PCTINCREASE 0 FREELISTS 1 FREELIST GROUPS 1 BUFFER_POOL DEFAULT FLASH_CACHE DEFAULT CELL_FLASH_CACHE DEFAULT)
  TABLESPACE "USERS"  ENABLE;
  ALTER TABLE "APBDOO"."FACTURA_CLIENT" MODIFY ("CLIENT_ID" NOT NULL ENABLE);
  ALTER TABLE "APBDOO"."FACTURA_CLIENT" MODIFY ("DATA_SFARSIT" NOT NULL ENABLE);
  ALTER TABLE "APBDOO"."FACTURA_CLIENT" MODIFY ("DATA_INCEPUT" NOT NULL ENABLE);
  ALTER TABLE "APBDOO"."FACTURA_CLIENT" MODIFY ("FACTURA_CLIENT_ID" NOT NULL ENABLE);
--------------------------------------------------------
--  Constraints for Table UTILIZATOR
--------------------------------------------------------

  ALTER TABLE "APBDOO"."UTILIZATOR" ADD CONSTRAINT "CONTRANGERE_NUME_UNIC" UNIQUE ("USERNAME")
  USING INDEX PCTFREE 10 INITRANS 2 MAXTRANS 255 COMPUTE STATISTICS 
  STORAGE(INITIAL 65536 NEXT 1048576 MINEXTENTS 1 MAXEXTENTS 2147483645
  PCTINCREASE 0 FREELISTS 1 FREELIST GROUPS 1 BUFFER_POOL DEFAULT FLASH_CACHE DEFAULT CELL_FLASH_CACHE DEFAULT)
  TABLESPACE "USERS"  ENABLE;
  ALTER TABLE "APBDOO"."UTILIZATOR" ADD PRIMARY KEY ("UTILIZATOR_ID")
  USING INDEX PCTFREE 10 INITRANS 2 MAXTRANS 255 COMPUTE STATISTICS 
  STORAGE(INITIAL 65536 NEXT 1048576 MINEXTENTS 1 MAXEXTENTS 2147483645
  PCTINCREASE 0 FREELISTS 1 FREELIST GROUPS 1 BUFFER_POOL DEFAULT FLASH_CACHE DEFAULT CELL_FLASH_CACHE DEFAULT)
  TABLESPACE "USERS"  ENABLE;
  ALTER TABLE "APBDOO"."UTILIZATOR" MODIFY ("PAROLA" NOT NULL ENABLE);
  ALTER TABLE "APBDOO"."UTILIZATOR" MODIFY ("USERNAME" NOT NULL ENABLE);
  ALTER TABLE "APBDOO"."UTILIZATOR" MODIFY ("NUME" NOT NULL ENABLE);
  ALTER TABLE "APBDOO"."UTILIZATOR" MODIFY ("UTILIZATOR_ID" NOT NULL ENABLE);
--------------------------------------------------------
--  Constraints for Table JOC_PRODUCATOR
--------------------------------------------------------

  ALTER TABLE "APBDOO"."JOC_PRODUCATOR" ADD CONSTRAINT "JOC_PRODUCATOR_NUME" UNIQUE ("NUME")
  USING INDEX PCTFREE 10 INITRANS 2 MAXTRANS 255 COMPUTE STATISTICS 
  STORAGE(INITIAL 65536 NEXT 1048576 MINEXTENTS 1 MAXEXTENTS 2147483645
  PCTINCREASE 0 FREELISTS 1 FREELIST GROUPS 1 BUFFER_POOL DEFAULT FLASH_CACHE DEFAULT CELL_FLASH_CACHE DEFAULT)
  TABLESPACE "USERS"  ENABLE;
  ALTER TABLE "APBDOO"."JOC_PRODUCATOR" ADD PRIMARY KEY ("JOC_PRODUCATOR_ID")
  USING INDEX PCTFREE 10 INITRANS 2 MAXTRANS 255 COMPUTE STATISTICS 
  STORAGE(INITIAL 65536 NEXT 1048576 MINEXTENTS 1 MAXEXTENTS 2147483645
  PCTINCREASE 0 FREELISTS 1 FREELIST GROUPS 1 BUFFER_POOL DEFAULT FLASH_CACHE DEFAULT CELL_FLASH_CACHE DEFAULT)
  TABLESPACE "USERS"  ENABLE;
  ALTER TABLE "APBDOO"."JOC_PRODUCATOR" MODIFY ("TARA" NOT NULL ENABLE);
  ALTER TABLE "APBDOO"."JOC_PRODUCATOR" MODIFY ("NUME" NOT NULL ENABLE);
  ALTER TABLE "APBDOO"."JOC_PRODUCATOR" MODIFY ("JOC_PRODUCATOR_ID" NOT NULL ENABLE);
--------------------------------------------------------
--  Constraints for Table ANGAJAT
--------------------------------------------------------

  ALTER TABLE "APBDOO"."ANGAJAT" ADD PRIMARY KEY ("ANGAJAT_ID")
  USING INDEX PCTFREE 10 INITRANS 2 MAXTRANS 255 COMPUTE STATISTICS 
  STORAGE(INITIAL 65536 NEXT 1048576 MINEXTENTS 1 MAXEXTENTS 2147483645
  PCTINCREASE 0 FREELISTS 1 FREELIST GROUPS 1 BUFFER_POOL DEFAULT FLASH_CACHE DEFAULT CELL_FLASH_CACHE DEFAULT)
  TABLESPACE "USERS"  ENABLE;
  ALTER TABLE "APBDOO"."ANGAJAT" MODIFY ("ANGAJAT_POZITIE_ID" NOT NULL ENABLE);
  ALTER TABLE "APBDOO"."ANGAJAT" MODIFY ("ANGAJAT_CONTRACT_ID" NOT NULL ENABLE);
  ALTER TABLE "APBDOO"."ANGAJAT" MODIFY ("MAGAZIN_DEPARTAMENT_ID" NOT NULL ENABLE);
  ALTER TABLE "APBDOO"."ANGAJAT" MODIFY ("TELEFON" NOT NULL ENABLE);
  ALTER TABLE "APBDOO"."ANGAJAT" MODIFY ("ADRESA" NOT NULL ENABLE);
  ALTER TABLE "APBDOO"."ANGAJAT" MODIFY ("CNP" NOT NULL ENABLE);
  ALTER TABLE "APBDOO"."ANGAJAT" MODIFY ("NUME" NOT NULL ENABLE);
  ALTER TABLE "APBDOO"."ANGAJAT" MODIFY ("ANGAJAT_ID" NOT NULL ENABLE);
--------------------------------------------------------
--  Constraints for Table MAGAZIN_DEPARTAMENT
--------------------------------------------------------

  ALTER TABLE "APBDOO"."MAGAZIN_DEPARTAMENT" ADD PRIMARY KEY ("MAGAZIN_DEPARTAMENT_ID")
  USING INDEX PCTFREE 10 INITRANS 2 MAXTRANS 255 COMPUTE STATISTICS 
  STORAGE(INITIAL 65536 NEXT 1048576 MINEXTENTS 1 MAXEXTENTS 2147483645
  PCTINCREASE 0 FREELISTS 1 FREELIST GROUPS 1 BUFFER_POOL DEFAULT FLASH_CACHE DEFAULT CELL_FLASH_CACHE DEFAULT)
  TABLESPACE "USERS"  ENABLE;
  ALTER TABLE "APBDOO"."MAGAZIN_DEPARTAMENT" MODIFY ("MAGAZIN_ID" NOT NULL ENABLE);
  ALTER TABLE "APBDOO"."MAGAZIN_DEPARTAMENT" MODIFY ("NUME" NOT NULL ENABLE);
  ALTER TABLE "APBDOO"."MAGAZIN_DEPARTAMENT" MODIFY ("MAGAZIN_DEPARTAMENT_ID" NOT NULL ENABLE);
--------------------------------------------------------
--  Constraints for Table MAGAZIN
--------------------------------------------------------

  ALTER TABLE "APBDOO"."MAGAZIN" ADD PRIMARY KEY ("MAGAZIN_ID")
  USING INDEX PCTFREE 10 INITRANS 2 MAXTRANS 255 COMPUTE STATISTICS 
  STORAGE(INITIAL 65536 NEXT 1048576 MINEXTENTS 1 MAXEXTENTS 2147483645
  PCTINCREASE 0 FREELISTS 1 FREELIST GROUPS 1 BUFFER_POOL DEFAULT FLASH_CACHE DEFAULT CELL_FLASH_CACHE DEFAULT)
  TABLESPACE "USERS"  ENABLE;
  ALTER TABLE "APBDOO"."MAGAZIN" MODIFY ("ADRESA_ID" NOT NULL ENABLE);
  ALTER TABLE "APBDOO"."MAGAZIN" MODIFY ("NUME" NOT NULL ENABLE);
  ALTER TABLE "APBDOO"."MAGAZIN" MODIFY ("MAGAZIN_ID" NOT NULL ENABLE);
--------------------------------------------------------
--  Constraints for Table MAGAZIN_EVENIMENT
--------------------------------------------------------

  ALTER TABLE "APBDOO"."MAGAZIN_EVENIMENT" ADD PRIMARY KEY ("MAGAZIN_EVENIMENT_ID")
  USING INDEX PCTFREE 10 INITRANS 2 MAXTRANS 255 COMPUTE STATISTICS 
  STORAGE(INITIAL 65536 NEXT 1048576 MINEXTENTS 1 MAXEXTENTS 2147483645
  PCTINCREASE 0 FREELISTS 1 FREELIST GROUPS 1 BUFFER_POOL DEFAULT FLASH_CACHE DEFAULT CELL_FLASH_CACHE DEFAULT)
  TABLESPACE "USERS"  ENABLE;
  ALTER TABLE "APBDOO"."MAGAZIN_EVENIMENT" MODIFY ("JOC_ID" NOT NULL ENABLE);
  ALTER TABLE "APBDOO"."MAGAZIN_EVENIMENT" MODIFY ("MAGAZIN_ID" NOT NULL ENABLE);
  ALTER TABLE "APBDOO"."MAGAZIN_EVENIMENT" MODIFY ("DATA_EVENIMENT" NOT NULL ENABLE);
  ALTER TABLE "APBDOO"."MAGAZIN_EVENIMENT" MODIFY ("DESCRIERE" NOT NULL ENABLE);
  ALTER TABLE "APBDOO"."MAGAZIN_EVENIMENT" MODIFY ("NUME" NOT NULL ENABLE);
  ALTER TABLE "APBDOO"."MAGAZIN_EVENIMENT" MODIFY ("MAGAZIN_EVENIMENT_ID" NOT NULL ENABLE);
--------------------------------------------------------
--  Constraints for Table ADRESA
--------------------------------------------------------

  ALTER TABLE "APBDOO"."ADRESA" ADD PRIMARY KEY ("ADRESA_ID")
  USING INDEX PCTFREE 10 INITRANS 2 MAXTRANS 255 COMPUTE STATISTICS 
  STORAGE(INITIAL 65536 NEXT 1048576 MINEXTENTS 1 MAXEXTENTS 2147483645
  PCTINCREASE 0 FREELISTS 1 FREELIST GROUPS 1 BUFFER_POOL DEFAULT FLASH_CACHE DEFAULT CELL_FLASH_CACHE DEFAULT)
  TABLESPACE "USERS"  ENABLE;
  ALTER TABLE "APBDOO"."ADRESA" MODIFY ("ORAS" NOT NULL ENABLE);
  ALTER TABLE "APBDOO"."ADRESA" MODIFY ("NUMAR" NOT NULL ENABLE);
  ALTER TABLE "APBDOO"."ADRESA" MODIFY ("STRADA" NOT NULL ENABLE);
  ALTER TABLE "APBDOO"."ADRESA" MODIFY ("ADRESA_ID" NOT NULL ENABLE);
--------------------------------------------------------
--  Constraints for Table ANGAJAT_POZITIE
--------------------------------------------------------

  ALTER TABLE "APBDOO"."ANGAJAT_POZITIE" ADD PRIMARY KEY ("ANGAJAT_POZITIE_ID")
  USING INDEX PCTFREE 10 INITRANS 2 MAXTRANS 255 COMPUTE STATISTICS 
  STORAGE(INITIAL 65536 NEXT 1048576 MINEXTENTS 1 MAXEXTENTS 2147483645
  PCTINCREASE 0 FREELISTS 1 FREELIST GROUPS 1 BUFFER_POOL DEFAULT FLASH_CACHE DEFAULT CELL_FLASH_CACHE DEFAULT)
  TABLESPACE "USERS"  ENABLE;
  ALTER TABLE "APBDOO"."ANGAJAT_POZITIE" MODIFY ("DESCRIERE" NOT NULL ENABLE);
  ALTER TABLE "APBDOO"."ANGAJAT_POZITIE" MODIFY ("TITLU" NOT NULL ENABLE);
  ALTER TABLE "APBDOO"."ANGAJAT_POZITIE" MODIFY ("ANGAJAT_POZITIE_ID" NOT NULL ENABLE);
--------------------------------------------------------
--  Ref Constraints for Table ANGAJAT
--------------------------------------------------------

  ALTER TABLE "APBDOO"."ANGAJAT" ADD FOREIGN KEY ("MAGAZIN_DEPARTAMENT_ID")
	  REFERENCES "APBDOO"."MAGAZIN_DEPARTAMENT" ("MAGAZIN_DEPARTAMENT_ID") ENABLE;
  ALTER TABLE "APBDOO"."ANGAJAT" ADD FOREIGN KEY ("ANGAJAT_CONTRACT_ID")
	  REFERENCES "APBDOO"."ANGAJAT_CONTRACT" ("ANGAJAT_CONTRACT_ID") ENABLE;
  ALTER TABLE "APBDOO"."ANGAJAT" ADD FOREIGN KEY ("ANGAJAT_POZITIE_ID")
	  REFERENCES "APBDOO"."ANGAJAT_POZITIE" ("ANGAJAT_POZITIE_ID") ENABLE;
  ALTER TABLE "APBDOO"."ANGAJAT" ADD FOREIGN KEY ("ADRESA")
	  REFERENCES "APBDOO"."ADRESA" ("ADRESA_ID") ENABLE;
--------------------------------------------------------
--  Ref Constraints for Table ANGAJAT_CONTRACT
--------------------------------------------------------

  ALTER TABLE "APBDOO"."ANGAJAT_CONTRACT" ADD FOREIGN KEY ("ANGAJAT_NIVEL_SALARIAL_ID")
	  REFERENCES "APBDOO"."ANGAJAT_NIVEL_SALARIAL" ("ANGAJAT_NIVEL_SALARIAL_ID") ENABLE;
--------------------------------------------------------
--  Ref Constraints for Table CLIENT
--------------------------------------------------------

  ALTER TABLE "APBDOO"."CLIENT" ADD FOREIGN KEY ("ADRESA")
	  REFERENCES "APBDOO"."ADRESA" ("ADRESA_ID") ENABLE;
--------------------------------------------------------
--  Ref Constraints for Table FACTURA_CLIENT
--------------------------------------------------------

  ALTER TABLE "APBDOO"."FACTURA_CLIENT" ADD FOREIGN KEY ("CLIENT_ID")
	  REFERENCES "APBDOO"."CLIENT" ("CLIENT_ID") ENABLE;
--------------------------------------------------------
--  Ref Constraints for Table IMPRUMUT_JOC
--------------------------------------------------------

  ALTER TABLE "APBDOO"."IMPRUMUT_JOC" ADD FOREIGN KEY ("JOC_ID")
	  REFERENCES "APBDOO"."JOC" ("JOC_ID") ENABLE;
  ALTER TABLE "APBDOO"."IMPRUMUT_JOC" ADD FOREIGN KEY ("MAGAZIN_ID")
	  REFERENCES "APBDOO"."MAGAZIN" ("MAGAZIN_ID") ENABLE;
  ALTER TABLE "APBDOO"."IMPRUMUT_JOC" ADD FOREIGN KEY ("FACTURA_CLIENT_ID")
	  REFERENCES "APBDOO"."FACTURA_CLIENT" ("FACTURA_CLIENT_ID") ENABLE;
--------------------------------------------------------
--  Ref Constraints for Table JOC
--------------------------------------------------------

  ALTER TABLE "APBDOO"."JOC" ADD FOREIGN KEY ("JOC_CATEGORIE_ID")
	  REFERENCES "APBDOO"."JOC_CATEGORIE" ("JOC_CATEGORIE_ID") ENABLE;
  ALTER TABLE "APBDOO"."JOC" ADD FOREIGN KEY ("JOC_PRODUCATOR_ID")
	  REFERENCES "APBDOO"."JOC_PRODUCATOR" ("JOC_PRODUCATOR_ID") ENABLE;
  ALTER TABLE "APBDOO"."JOC" ADD FOREIGN KEY ("JOC_TIP_ID")
	  REFERENCES "APBDOO"."JOC_TIP" ("JOC_TIP_ID") ENABLE;
  ALTER TABLE "APBDOO"."JOC" ADD FOREIGN KEY ("JOC_NUMAR_JUCATORI_ID")
	  REFERENCES "APBDOO"."JOC_NUMAR_JUCATORI" ("JOC_NUMAR_JUCATORI_ID") ENABLE;
--------------------------------------------------------
--  Ref Constraints for Table JOC_EVALUARE
--------------------------------------------------------

  ALTER TABLE "APBDOO"."JOC_EVALUARE" ADD FOREIGN KEY ("CLIENT_ID")
	  REFERENCES "APBDOO"."CLIENT" ("CLIENT_ID") ENABLE;
  ALTER TABLE "APBDOO"."JOC_EVALUARE" ADD FOREIGN KEY ("JOC_ID")
	  REFERENCES "APBDOO"."JOC" ("JOC_ID") ENABLE;
--------------------------------------------------------
--  Ref Constraints for Table JOC_MAGAZIN
--------------------------------------------------------

  ALTER TABLE "APBDOO"."JOC_MAGAZIN" ADD FOREIGN KEY ("JOC_ID")
	  REFERENCES "APBDOO"."JOC" ("JOC_ID") ENABLE;
  ALTER TABLE "APBDOO"."JOC_MAGAZIN" ADD FOREIGN KEY ("MAGAZIN_ID")
	  REFERENCES "APBDOO"."MAGAZIN" ("MAGAZIN_ID") ENABLE;
--------------------------------------------------------
--  Ref Constraints for Table MAGAZIN
--------------------------------------------------------

  ALTER TABLE "APBDOO"."MAGAZIN" ADD FOREIGN KEY ("ADRESA_ID")
	  REFERENCES "APBDOO"."ADRESA" ("ADRESA_ID") ENABLE;
--------------------------------------------------------
--  Ref Constraints for Table MAGAZIN_DEPARTAMENT
--------------------------------------------------------

  ALTER TABLE "APBDOO"."MAGAZIN_DEPARTAMENT" ADD FOREIGN KEY ("MAGAZIN_ID")
	  REFERENCES "APBDOO"."MAGAZIN" ("MAGAZIN_ID") ENABLE;
--------------------------------------------------------
--  Ref Constraints for Table MAGAZIN_EVENIMENT
--------------------------------------------------------

  ALTER TABLE "APBDOO"."MAGAZIN_EVENIMENT" ADD FOREIGN KEY ("JOC_ID")
	  REFERENCES "APBDOO"."JOC" ("JOC_ID") ENABLE;
  ALTER TABLE "APBDOO"."MAGAZIN_EVENIMENT" ADD FOREIGN KEY ("MAGAZIN_ID")
	  REFERENCES "APBDOO"."MAGAZIN" ("MAGAZIN_ID") ENABLE;
--------------------------------------------------------
--  DDL for Trigger TR_ANGAJAT_ID
--------------------------------------------------------

  CREATE OR REPLACE TRIGGER "APBDOO"."TR_ANGAJAT_ID" 
BEFORE INSERT
ON ANGAJAT
REFERENCING NEW AS NEW OLD AS OLD
FOR EACH ROW
BEGIN
  if(:new.angajat_id is null) then
  SELECT s_angajat_id.nextval
  INTO :new.angajat_id
  FROM dual;
  end if;
END;
/
ALTER TRIGGER "APBDOO"."TR_ANGAJAT_ID" ENABLE;
--------------------------------------------------------
--  DDL for Trigger TR_JOC_ID
--------------------------------------------------------

  CREATE OR REPLACE TRIGGER "APBDOO"."TR_JOC_ID" 
BEFORE INSERT
ON JOC
REFERENCING NEW AS NEW OLD AS OLD
FOR EACH ROW
BEGIN
  if(:new.joc_id is null) then
  SELECT s_joc_id.nextval
  INTO :new.joc_id
  FROM dual;
  end if;
END;
/
ALTER TRIGGER "APBDOO"."TR_JOC_ID" ENABLE;
